INSERT [dbo].[Users] ([Id], [FirstName], [LastName], [IsDeleted], [IsActive], [ShouldChangePasswordOnNextLogin], [ProfilePhoto], [Provider], [Address], [CreatedDate], [CreatedBy], [ModifiedDate], [ModifiedBy], [DeletedDate], [DeletedBy], [UserName], [NormalizedUserName], [Email], [NormalizedEmail], [EmailConfirmed], [PasswordHash], [SecurityStamp], [ConcurrencyStamp], [PhoneNumber], [PhoneNumberConfirmed], [TwoFactorEnabled], [LockoutEnd], [LockoutEnabled], [AccessFailedCount], IsSuperAdmin) VALUES (N'1a5cf5b9-ead8-495c-8719-2d8be776f452', N'Amit', N'G', 0, 1, 1, NULL, NULL, NULL, CAST(N'2021-01-09T16:00:55.3200000' AS DateTime2), NULL, CAST(N'2021-04-09T22:13:04.3607628' AS DateTime2), N'4b352b37-332a-40c6-ab05-e38fcf109719', NULL, NULL, N'employee@gmail.com', N'EMPLOYEE@GMAIL.COM', N'employee@gmail.com', N'EMPLOYEE@GMAIL.COM', 0, N'AQAAAAEAACcQAAAAEKWs5TYpiKZTo10GsYT3ydUD92Xv9PzHyaE6IlWewhVAcBXpQ92H1g7zz9r2wNXTTw==', N'C6DDSWCQJIFOEWSOC2IEIDGXZ7YOHGAC', N'542d648b-582f-464b-9264-4efd2a4f8b1a', N'7684012345', 0, 0, NULL, 1, 0,0)
INSERT [dbo].[Users] ([Id], [FirstName], [LastName], [IsDeleted], [IsActive], [ShouldChangePasswordOnNextLogin], [ProfilePhoto], [Provider], [Address], [CreatedDate], [CreatedBy], [ModifiedDate], [ModifiedBy], [DeletedDate], [DeletedBy], [UserName], [NormalizedUserName], [Email], [NormalizedEmail], [EmailConfirmed], [PasswordHash], [SecurityStamp], [ConcurrencyStamp], [PhoneNumber], [PhoneNumberConfirmed], [TwoFactorEnabled], [LockoutEnd], [LockoutEnabled], [AccessFailedCount], IsSuperAdmin) VALUES (N'4b352b37-332a-40c6-ab05-e38fcf109719', N'Alpit', N'G', 0, 1, 1, N'', NULL, NULL, CAST(N'2021-01-09T16:00:55.3200000' AS DateTime2), NULL, CAST(N'2021-04-09T22:13:30.0911557' AS DateTime2), N'4b352b37-332a-40c6-ab05-e38fcf109719', NULL, NULL, N'admin@gmail.com', N'ADMIN@GMAIL.COM', N'admin@gmail.com', N'ADMIN@GMAIL.COM', 0, N'AQAAAAEAACcQAAAAEEkx5K65gWhkIDvtcI3QVCom8fFRVWBIVlDWGqPujKdUWwSs2/0bB2fFzTaAq8z3pA==', N'EZNIRU4TFNZUE4VWL4CLRBHP7VMTICHA', N'510c7230-efc3-4401-baf9-eb56b37d19e5', N'3360123459', 0, 0, NULL, 1, 0,1)

GO
INSERT [dbo].[Tenants] ([Id], [TenancyName], [Name], [ConnectionString], [Edition], [Address], [SubscriptionEndDate], [IsInTrialPeriod], [IsActive], [CreatedDate], [CreatedBy], [ModifiedDate], [ModifiedBy], [DeletedDate], [DeletedBy], [IsDeleted], [TenantId]) VALUES ('dbedb268-a646-41f7-a0fe-991e62df34b8', 'MasterTenant', 'MasterTenant', null, null, null, null, 0, 1, GETUTCDATE(), '4b352b37-332a-40c6-ab05-e38fcf109719', GETUTCDATE(), '4b352b37-332a-40c6-ab05-e38fcf109719', null, null, 0, null)

GO
INSERT [dbo].[Pages] ([Id], [Name], [Order], [CreatedDate], [CreatedBy], [ModifiedDate], [ModifiedBy], [DeletedDate], [DeletedBy], [IsDeleted]) VALUES (N'c08d1303-474c-48e9-a5ab-05641e80808f', N'Settings', 15, GETUTCDATE(), N'4b352b37-332a-40c6-ab05-e38fcf109719', GETUTCDATE(), N'4b352b37-332a-40c6-ab05-e38fcf109719', NULL, NULL, 0)
INSERT [dbo].[Pages] ([Id], [Name], [Order], [CreatedDate], [CreatedBy], [ModifiedDate], [ModifiedBy], [DeletedDate], [DeletedBy], [IsDeleted]) VALUES (N'fdba3bfd-6670-441a-88f2-05adbde8a661', N'Reports', 10, GETUTCDATE(), N'4b352b37-332a-40c6-ab05-e38fcf109719', GETUTCDATE(), N'4b352b37-332a-40c6-ab05-e38fcf109719', NULL, NULL, 0)
INSERT [dbo].[Pages] ([Id], [Name], [Order], [CreatedDate], [CreatedBy], [ModifiedDate], [ModifiedBy], [DeletedDate], [DeletedBy], [IsDeleted]) VALUES (N'7b542ac0-4c4b-4288-90d7-08d5f1f4f6fd', N'Reminder', 11, GETUTCDATE(), N'4b352b37-332a-40c6-ab05-e38fcf109719', GETUTCDATE(), N'4b352b37-332a-40c6-ab05-e38fcf109719', NULL, NULL, 0)
INSERT [dbo].[Pages] ([Id], [Name], [Order], [CreatedDate], [CreatedBy], [ModifiedDate], [ModifiedBy], [DeletedDate], [DeletedBy], [IsDeleted]) VALUES (N'93551dee-cb76-481f-b30c-23ebfd28aaab', N'Purchase Order', 6, GETUTCDATE(), N'4b352b37-332a-40c6-ab05-e38fcf109719', GETUTCDATE(), N'4b352b37-332a-40c6-ab05-e38fcf109719', NULL, NULL, 0)
INSERT [dbo].[Pages] ([Id], [Name], [Order], [CreatedDate], [CreatedBy], [ModifiedDate], [ModifiedBy], [DeletedDate], [DeletedBy], [IsDeleted]) VALUES (N'1f5e57b6-a2c8-4bd7-8baa-311bfa4a32e1', N'Roles', 12, GETUTCDATE(), N'4b352b37-332a-40c6-ab05-e38fcf109719', GETUTCDATE(), N'4b352b37-332a-40c6-ab05-e38fcf109719', NULL, NULL, 0)
INSERT [dbo].[Pages] ([Id], [Name], [Order], [CreatedDate], [CreatedBy], [ModifiedDate], [ModifiedBy], [DeletedDate], [DeletedBy], [IsDeleted]) VALUES (N'c4510cea-3b3f-4104-9eee-355788c86218', N'POS', 7, GETUTCDATE(), N'4b352b37-332a-40c6-ab05-e38fcf109719', GETUTCDATE(), N'4b352b37-332a-40c6-ab05-e38fcf109719', NULL, NULL, 0)
INSERT [dbo].[Pages] ([Id], [Name], [Order], [CreatedDate], [CreatedBy], [ModifiedDate], [ModifiedBy], [DeletedDate], [DeletedBy], [IsDeleted]) VALUES (N'cd31a4fc-f46f-4a8b-ae1c-4c9e348778d9', N'Supplier', 2, GETUTCDATE(), N'4b352b37-332a-40c6-ab05-e38fcf109719', GETUTCDATE(), N'4b352b37-332a-40c6-ab05-e38fcf109719', NULL, NULL, 0)
INSERT [dbo].[Pages] ([Id], [Name], [Order], [CreatedDate], [CreatedBy], [ModifiedDate], [ModifiedBy], [DeletedDate], [DeletedBy], [IsDeleted]) VALUES (N'586b3001-82fa-4409-822a-4d1cf9df1384', N'Customer', 3, GETUTCDATE(), N'4b352b37-332a-40c6-ab05-e38fcf109719', GETUTCDATE(), N'4b352b37-332a-40c6-ab05-e38fcf109719', NULL, NULL, 0)
INSERT [dbo].[Pages] ([Id], [Name], [Order], [CreatedDate], [CreatedBy], [ModifiedDate], [ModifiedBy], [DeletedDate], [DeletedBy], [IsDeleted]) VALUES (N'abb6e964-a3f7-4a9e-b67d-5a63833b92e5', N'Dashboard', 0, GETUTCDATE(), N'4b352b37-332a-40c6-ab05-e38fcf109719', GETUTCDATE(), N'4b352b37-332a-40c6-ab05-e38fcf109719', NULL, NULL, 0)
INSERT [dbo].[Pages] ([Id], [Name], [Order], [CreatedDate], [CreatedBy], [ModifiedDate], [ModifiedBy], [DeletedDate], [DeletedBy], [IsDeleted]) VALUES (N'60cf7833-4f34-4440-a7ce-5b8249165839', N'Product', 1, GETUTCDATE(), N'4b352b37-332a-40c6-ab05-e38fcf109719', GETUTCDATE(), N'4b352b37-332a-40c6-ab05-e38fcf109719', NULL, NULL, 0)
INSERT [dbo].[Pages] ([Id], [Name], [Order], [CreatedDate], [CreatedBy], [ModifiedDate], [ModifiedBy], [DeletedDate], [DeletedBy], [IsDeleted]) VALUES (N'bf08ac3b-9b68-48b1-8b38-6ea0ad315c4e', N'Inquiry', 4, GETUTCDATE(), N'4b352b37-332a-40c6-ab05-e38fcf109719', GETUTCDATE(), N'4b352b37-332a-40c6-ab05-e38fcf109719', NULL, NULL, 0)
INSERT [dbo].[Pages] ([Id], [Name], [Order], [CreatedDate], [CreatedBy], [ModifiedDate], [ModifiedBy], [DeletedDate], [DeletedBy], [IsDeleted]) VALUES (N'90c6fbaa-173b-4264-a6fd-73fda9af4bd0', N'Sales Order', 7, GETUTCDATE(), N'4b352b37-332a-40c6-ab05-e38fcf109719', GETUTCDATE(), N'4b352b37-332a-40c6-ab05-e38fcf109719', NULL, NULL, 0)
INSERT [dbo].[Pages] ([Id], [Name], [Order], [CreatedDate], [CreatedBy], [ModifiedDate], [ModifiedBy], [DeletedDate], [DeletedBy], [IsDeleted]) VALUES (N'ef38fe5a-0329-437f-8f99-74b63246ee9d', N'Quotation', 5, GETUTCDATE(), N'4b352b37-332a-40c6-ab05-e38fcf109719', GETUTCDATE(), N'4b352b37-332a-40c6-ab05-e38fcf109719', NULL, NULL, 0)
INSERT [dbo].[Pages] ([Id], [Name], [Order], [CreatedDate], [CreatedBy], [ModifiedDate], [ModifiedBy], [DeletedDate], [DeletedBy], [IsDeleted]) VALUES (N'9ebb7571-c92d-4e20-bcd8-a5d18b98079a', N'Users', 13, GETUTCDATE(), N'4b352b37-332a-40c6-ab05-e38fcf109719', GETUTCDATE(), N'4b352b37-332a-40c6-ab05-e38fcf109719', NULL, NULL, 0)
INSERT [dbo].[Pages] ([Id], [Name], [Order], [CreatedDate], [CreatedBy], [ModifiedDate], [ModifiedBy], [DeletedDate], [DeletedBy], [IsDeleted]) VALUES (N'74eda712-7c65-4735-a9e3-ac4d09459e4b', N'Inventory', 8, GETUTCDATE(), N'4b352b37-332a-40c6-ab05-e38fcf109719', GETUTCDATE(), N'4b352b37-332a-40c6-ab05-e38fcf109719', NULL, NULL, 0)
INSERT [dbo].[Pages] ([Id], [Name], [Order], [CreatedDate], [CreatedBy], [ModifiedDate], [ModifiedBy], [DeletedDate], [DeletedBy], [IsDeleted]) VALUES (N'ff211fcb-9cf6-4bee-b4de-d7bdc372c888', N'Logs', 16, GETUTCDATE(), N'4b352b37-332a-40c6-ab05-e38fcf109719', GETUTCDATE(), N'4b352b37-332a-40c6-ab05-e38fcf109719', NULL, NULL, 0)
INSERT [dbo].[Pages] ([Id], [Name], [Order], [CreatedDate], [CreatedBy], [ModifiedDate], [ModifiedBy], [DeletedDate], [DeletedBy], [IsDeleted]) VALUES (N'534a5916-5096-4f34-bf26-eb9dc2dfa6ce', N'Expense', 9, GETUTCDATE(), N'4b352b37-332a-40c6-ab05-e38fcf109719', GETUTCDATE(), N'4b352b37-332a-40c6-ab05-e38fcf109719', NULL, NULL, 0)
INSERT [dbo].[Pages] ([Id], [Name], [Order], [CreatedDate], [CreatedBy], [ModifiedDate], [ModifiedBy], [DeletedDate], [DeletedBy], [IsDeleted]) VALUES (N'f08bcb7a-654e-4b18-af73-f2ade469a67c', N'Email', 14, GETUTCDATE(), N'4b352b37-332a-40c6-ab05-e38fcf109719', GETUTCDATE(), N'4b352b37-332a-40c6-ab05-e38fcf109719', NULL, NULL, 0)
INSERT [dbo].[Pages] ([Id], [Name], [Order], [CreatedDate], [CreatedBy], [ModifiedDate], [ModifiedBy], [DeletedDate], [DeletedBy], [IsDeleted]) VALUES (N'84c343ba-111e-47d2-b7f5-7bb21f1a775d', N'Tenant', 17, GETUTCDATE(), N'4b352b37-332a-40c6-ab05-e38fcf109719', GETUTCDATE(), N'4b352b37-332a-40c6-ab05-e38fcf109719', NULL, NULL, 0)

GO
INSERT [dbo].[Actions] ([Id], [Name], [Order], [PageId], [Code], [CreatedDate], [CreatedBy], [ModifiedDate], [ModifiedBy], [DeletedDate], [DeletedBy], [IsDeleted]) VALUES (N'ba8fc8b6-8982-4197-bf2a-05ab0e79e3d1', N'View Reminders', 1, N'7b542ac0-4c4b-4288-90d7-08d5f1f4f6fd', N'REM_VIEW_REMINDERS', CAST(N'2022-05-21T08:43:22.2727873' AS DateTime2), N'4b352b37-332a-40c6-ab05-e38fcf109719', CAST(N'2022-05-21T09:20:18.4903842' AS DateTime2), N'4b352b37-332a-40c6-ab05-e38fcf109719', NULL, NULL, 0)
INSERT [dbo].[Actions] ([Id], [Name], [Order], [PageId], [Code], [CreatedDate], [CreatedBy], [ModifiedDate], [ModifiedBy], [DeletedDate], [DeletedBy], [IsDeleted]) VALUES (N'5340a380-a8b1-4e01-ac88-05fc5e714abd', N'Delete Purchase Order Payment', 9, N'93551dee-cb76-481f-b30c-23ebfd28aaab', N'PO_DELETE_PO_PAYMENT', CAST(N'2022-05-21T08:35:03.8762430' AS DateTime2), N'4b352b37-332a-40c6-ab05-e38fcf109719', CAST(N'2022-05-21T09:11:58.8839520' AS DateTime2), N'4b352b37-332a-40c6-ab05-e38fcf109719', NULL, NULL, 0)
INSERT [dbo].[Actions] ([Id], [Name], [Order], [PageId], [Code], [CreatedDate], [CreatedBy], [ModifiedDate], [ModifiedBy], [DeletedDate], [DeletedBy], [IsDeleted]) VALUES (N'e16e7eb5-cb97-4da2-958a-0c6a6ad904fc', N'View Inventories', 1, N'74eda712-7c65-4735-a9e3-ac4d09459e4b', N'INVE_VIEW_INVENTORIES', CAST(N'2022-05-21T08:40:11.8210658' AS DateTime2), N'4b352b37-332a-40c6-ab05-e38fcf109719', CAST(N'2022-05-21T09:18:02.8746418' AS DateTime2), N'4b352b37-332a-40c6-ab05-e38fcf109719', NULL, NULL, 0)
INSERT [dbo].[Actions] ([Id], [Name], [Order], [PageId], [Code], [CreatedDate], [CreatedBy], [ModifiedDate], [ModifiedBy], [DeletedDate], [DeletedBy], [IsDeleted]) VALUES (N'84fd7cc0-c5a3-4c8d-bf64-113a94126975', N'View Sales Order Payment Report', 5, N'fdba3bfd-6670-441a-88f2-05adbde8a661', N'REP_SO_PAYMENT_REP', CAST(N'2022-05-21T08:42:48.4754736' AS DateTime2), N'4b352b37-332a-40c6-ab05-e38fcf109719', CAST(N'2022-05-21T09:27:43.0427683' AS DateTime2), N'4b352b37-332a-40c6-ab05-e38fcf109719', NULL, NULL, 0)
INSERT [dbo].[Actions] ([Id], [Name], [Order], [PageId], [Code], [CreatedDate], [CreatedBy], [ModifiedDate], [ModifiedBy], [DeletedDate], [DeletedBy], [IsDeleted]) VALUES (N'1ecc483c-56c6-440c-a0fa-117dc95ffea6', N'Manage Inquiry Source', 6, N'bf08ac3b-9b68-48b1-8b38-6ea0ad315c4e', N'INQ_MANAGE_INQ_SOURCE', CAST(N'2022-05-21T07:48:36.0972552' AS DateTime2), N'4b352b37-332a-40c6-ab05-e38fcf109719', CAST(N'2022-05-21T09:23:02.3533071' AS DateTime2), N'4b352b37-332a-40c6-ab05-e38fcf109719', NULL, NULL, 0)
INSERT [dbo].[Actions] ([Id], [Name], [Order], [PageId], [Code], [CreatedDate], [CreatedBy], [ModifiedDate], [ModifiedBy], [DeletedDate], [DeletedBy], [IsDeleted]) VALUES (N'd758eecf-a6f8-4f2c-8613-13321e34c18a', N'Manage Email Templates', 2, N'f08bcb7a-654e-4b18-af73-f2ade469a67c', N'EMAIL_MANAGE_EMAIL_TEMPLATES', CAST(N'2022-05-21T08:47:24.2581505' AS DateTime2), N'4b352b37-332a-40c6-ab05-e38fcf109719', CAST(N'2022-05-21T08:47:24.2581516' AS DateTime2), N'4b352b37-332a-40c6-ab05-e38fcf109719', NULL, NULL, 0)
INSERT [dbo].[Actions] ([Id], [Name], [Order], [PageId], [Code], [CreatedDate], [CreatedBy], [ModifiedDate], [ModifiedBy], [DeletedDate], [DeletedBy], [IsDeleted]) VALUES (N'6643cd87-5919-45a4-a4c8-13a09ad634ff', N'View Latest Inquiries', 4, N'abb6e964-a3f7-4a9e-b67d-5a63833b92e5', N'DB_LATEST_INQUIRIES', CAST(N'2022-05-21T08:26:36.9705738' AS DateTime2), N'4b352b37-332a-40c6-ab05-e38fcf109719', CAST(N'2022-05-21T09:25:59.9698536' AS DateTime2), N'4b352b37-332a-40c6-ab05-e38fcf109719', NULL, NULL, 0)
INSERT [dbo].[Actions] ([Id], [Name], [Order], [PageId], [Code], [CreatedDate], [CreatedBy], [ModifiedDate], [ModifiedBy], [DeletedDate], [DeletedBy], [IsDeleted]) VALUES (N'535845e4-9ad3-43b5-b211-180d93a5b7a4', N'View Product Purchase Report', 7, N'fdba3bfd-6670-441a-88f2-05adbde8a661', N'REP_PRO_PP_REP', CAST(N'2022-06-02T08:27:50.7802056' AS DateTime2), N'4b352b37-332a-40c6-ab05-e38fcf109719', CAST(N'2022-06-02T08:35:35.9576986' AS DateTime2), N'4b352b37-332a-40c6-ab05-e38fcf109719', NULL, NULL, 0)
INSERT [dbo].[Actions] ([Id], [Name], [Order], [PageId], [Code], [CreatedDate], [CreatedBy], [ModifiedDate], [ModifiedBy], [DeletedDate], [DeletedBy], [IsDeleted]) VALUES (N'4e3480c0-d396-4698-8a41-18896aaa61f1', N'Update  Quotation', 3, N'ef38fe5a-0329-437f-8f99-74b63246ee9d', N'POR_UPDATE_PO_REQUEST', CAST(N'2022-05-21T07:49:44.4149304' AS DateTime2), N'4b352b37-332a-40c6-ab05-e38fcf109719', CAST(N'2022-07-11T06:12:50.9659869' AS DateTime2), N'4b352b37-332a-40c6-ab05-e38fcf109719', NULL, NULL, 0)
INSERT [dbo].[Actions] ([Id], [Name], [Order], [PageId], [Code], [CreatedDate], [CreatedBy], [ModifiedDate], [ModifiedBy], [DeletedDate], [DeletedBy], [IsDeleted]) VALUES (N'10931818-757b-4c2d-94cb-1d613bb8f8ad', N'Manage Inquiry Status', 5, N'bf08ac3b-9b68-48b1-8b38-6ea0ad315c4e', N'INQ_MANAGE_INQ_STATUS', CAST(N'2022-05-21T07:48:22.1388359' AS DateTime2), N'4b352b37-332a-40c6-ab05-e38fcf109719', CAST(N'2022-05-21T09:22:58.3312093' AS DateTime2), N'4b352b37-332a-40c6-ab05-e38fcf109719', NULL, NULL, 0)
INSERT [dbo].[Actions] ([Id], [Name], [Order], [PageId], [Code], [CreatedDate], [CreatedBy], [ModifiedDate], [ModifiedBy], [DeletedDate], [DeletedBy], [IsDeleted]) VALUES (N'eb708ad5-5e02-4078-a045-1dec7c478af7', N'Delete  Quotation', 4, N'ef38fe5a-0329-437f-8f99-74b63246ee9d', N'POR_DELETE_PO_REQUEST', CAST(N'2022-05-21T07:50:00.2269914' AS DateTime2), N'4b352b37-332a-40c6-ab05-e38fcf109719', CAST(N'2022-07-11T06:12:57.0370845' AS DateTime2), N'4b352b37-332a-40c6-ab05-e38fcf109719', NULL, NULL, 0)
INSERT [dbo].[Actions] ([Id], [Name], [Order], [PageId], [Code], [CreatedDate], [CreatedBy], [ModifiedDate], [ModifiedBy], [DeletedDate], [DeletedBy], [IsDeleted]) VALUES (N'dc35bbc6-0bfb-4c17-a837-29c57d778732', N'Add Purchase Order', 2, N'93551dee-cb76-481f-b30c-23ebfd28aaab', N'PO_ADD_PO', CAST(N'2022-05-21T08:32:35.9719744' AS DateTime2), N'4b352b37-332a-40c6-ab05-e38fcf109719', CAST(N'2022-05-21T09:12:27.4325659' AS DateTime2), N'4b352b37-332a-40c6-ab05-e38fcf109719', NULL, NULL, 0)
INSERT [dbo].[Actions] ([Id], [Name], [Order], [PageId], [Code], [CreatedDate], [CreatedBy], [ModifiedDate], [ModifiedBy], [DeletedDate], [DeletedBy], [IsDeleted]) VALUES (N'591bdbca-19cc-440a-b2f1-2bc4f960aefc', N'Delete Reminder', 4, N'7b542ac0-4c4b-4288-90d7-08d5f1f4f6fd', N'REM_DELETE_REMINDER', CAST(N'2022-05-21T08:43:42.4352907' AS DateTime2), N'4b352b37-332a-40c6-ab05-e38fcf109719', CAST(N'2022-05-21T09:20:27.5145980' AS DateTime2), N'4b352b37-332a-40c6-ab05-e38fcf109719', NULL, NULL, 0)
INSERT [dbo].[Actions] ([Id], [Name], [Order], [PageId], [Code], [CreatedDate], [CreatedBy], [ModifiedDate], [ModifiedBy], [DeletedDate], [DeletedBy], [IsDeleted]) VALUES (N'214c2d6e-d7f4-42a9-9d42-2daaf974a231', N'Manage Reminders', 7, N'bf08ac3b-9b68-48b1-8b38-6ea0ad315c4e', N'INQ_MANAGE_REMINDERS', CAST(N'2022-05-21T07:53:57.3700675' AS DateTime2), N'4b352b37-332a-40c6-ab05-e38fcf109719', CAST(N'2022-05-21T09:16:30.6825410' AS DateTime2), N'4b352b37-332a-40c6-ab05-e38fcf109719', NULL, NULL, 0)
INSERT [dbo].[Actions] ([Id], [Name], [Order], [PageId], [Code], [CreatedDate], [CreatedBy], [ModifiedDate], [ModifiedBy], [DeletedDate], [DeletedBy], [IsDeleted]) VALUES (N'8f668703-b676-4d32-8533-2df18adba38e', N'Add Sales Order', 2, N'90c6fbaa-173b-4264-a6fd-73fda9af4bd0', N'SO_ADD_SO', CAST(N'2022-05-21T08:36:12.3877678' AS DateTime2), N'4b352b37-332a-40c6-ab05-e38fcf109719', CAST(N'2022-05-21T09:17:00.5538758' AS DateTime2), N'4b352b37-332a-40c6-ab05-e38fcf109719', NULL, NULL, 0)
INSERT [dbo].[Actions] ([Id], [Name], [Order], [PageId], [Code], [CreatedDate], [CreatedBy], [ModifiedDate], [ModifiedBy], [DeletedDate], [DeletedBy], [IsDeleted]) VALUES (N'95cb2ac5-1df7-4638-9fff-30558296d238', N'Return Purchase Order', 6, N'93551dee-cb76-481f-b30c-23ebfd28aaab', N'PO_RETURN_PO', CAST(N'2022-05-21T08:33:42.1959853' AS DateTime2), N'4b352b37-332a-40c6-ab05-e38fcf109719', CAST(N'2022-05-21T09:12:08.6280150' AS DateTime2), N'4b352b37-332a-40c6-ab05-e38fcf109719', NULL, NULL, 0)
INSERT [dbo].[Actions] ([Id], [Name], [Order], [PageId], [Code], [CreatedDate], [CreatedBy], [ModifiedDate], [ModifiedBy], [DeletedDate], [DeletedBy], [IsDeleted]) VALUES (N'c727325e-832c-4415-b225-3056ec6ebbb0', N'Reset Password', 5, N'9ebb7571-c92d-4e20-bcd8-a5d18b98079a', N'USR_RESET_PWD', CAST(N'2022-05-21T08:45:36.9130095' AS DateTime2), N'4b352b37-332a-40c6-ab05-e38fcf109719', CAST(N'2022-05-21T09:24:36.9556407' AS DateTime2), N'4b352b37-332a-40c6-ab05-e38fcf109719', NULL, NULL, 0)
INSERT [dbo].[Actions] ([Id], [Name], [Order], [PageId], [Code], [CreatedDate], [CreatedBy], [ModifiedDate], [ModifiedBy], [DeletedDate], [DeletedBy], [IsDeleted]) VALUES (N'af35f348-c08b-48bb-9114-32ec00796b2d', N'Manage Expense Category', 5, N'534a5916-5096-4f34-bf26-eb9dc2dfa6ce', N'EXP_MANAGE_EXP_CATEGORY', CAST(N'2022-05-21T08:41:39.8514823' AS DateTime2), N'4b352b37-332a-40c6-ab05-e38fcf109719', CAST(N'2022-05-21T09:23:33.9075688' AS DateTime2), N'4b352b37-332a-40c6-ab05-e38fcf109719', NULL, NULL, 0)
INSERT [dbo].[Actions] ([Id], [Name], [Order], [PageId], [Code], [CreatedDate], [CreatedBy], [ModifiedDate], [ModifiedBy], [DeletedDate], [DeletedBy], [IsDeleted]) VALUES (N'71324dce-e34a-4f09-8b9e-36cca42a459b', N'Manage Warehouse', 9, N'60cf7833-4f34-4440-a7ce-5b8249165839', N'PRO_MANAGE_WAREHOUSE', CAST(N'2022-05-21T08:51:53.3317166' AS DateTime2), N'4b352b37-332a-40c6-ab05-e38fcf109719', CAST(N'2022-05-21T09:14:39.4982495' AS DateTime2), N'4b352b37-332a-40c6-ab05-e38fcf109719', NULL, NULL, 0)
INSERT [dbo].[Actions] ([Id], [Name], [Order], [PageId], [Code], [CreatedDate], [CreatedBy], [ModifiedDate], [ModifiedBy], [DeletedDate], [DeletedBy], [IsDeleted]) VALUES (N'5a54e8ea-ce73-468a-8d19-381dfa515e18', N'Add User', 2, N'9ebb7571-c92d-4e20-bcd8-a5d18b98079a', N'USR_ADD_USER', CAST(N'2022-05-21T08:45:09.4512580' AS DateTime2), N'4b352b37-332a-40c6-ab05-e38fcf109719', CAST(N'2022-05-21T09:24:18.1222228' AS DateTime2), N'4b352b37-332a-40c6-ab05-e38fcf109719', NULL, NULL, 0)
INSERT [dbo].[Actions] ([Id], [Name], [Order], [PageId], [Code], [CreatedDate], [CreatedBy], [ModifiedDate], [ModifiedBy], [DeletedDate], [DeletedBy], [IsDeleted]) VALUES (N'43ca17e4-9d56-4ada-b044-3f2eb8a178d7', N'Add Quotation', 2, N'ef38fe5a-0329-437f-8f99-74b63246ee9d', N'POR_ADD_PO_REQUEST', CAST(N'2022-05-21T07:49:31.1140128' AS DateTime2), N'4b352b37-332a-40c6-ab05-e38fcf109719', CAST(N'2022-07-11T06:12:45.1957833' AS DateTime2), N'4b352b37-332a-40c6-ab05-e38fcf109719', NULL, NULL, 0)
INSERT [dbo].[Actions] ([Id], [Name], [Order], [PageId], [Code], [CreatedDate], [CreatedBy], [ModifiedDate], [ModifiedBy], [DeletedDate], [DeletedBy], [IsDeleted]) VALUES (N'5b102028-ac30-46dc-a5df-3fb6d5db1798', N'View Statistics', 0, N'abb6e964-a3f7-4a9e-b67d-5a63833b92e5', N'DB_STATISTICS', CAST(N'2022-05-21T08:25:36.9957356' AS DateTime2), N'4b352b37-332a-40c6-ab05-e38fcf109719', CAST(N'2022-05-21T09:25:40.3717520' AS DateTime2), N'4b352b37-332a-40c6-ab05-e38fcf109719', NULL, NULL, 0)
INSERT [dbo].[Actions] ([Id], [Name], [Order], [PageId], [Code], [CreatedDate], [CreatedBy], [ModifiedDate], [ModifiedBy], [DeletedDate], [DeletedBy], [IsDeleted]) VALUES (N'cc38b6c0-549b-4619-84a3-41296c0cf36c', N'Add Expense', 2, N'534a5916-5096-4f34-bf26-eb9dc2dfa6ce', N'EXP_ADD_EXPENSE', CAST(N'2022-05-21T08:41:13.9756176' AS DateTime2), N'4b352b37-332a-40c6-ab05-e38fcf109719', CAST(N'2022-05-21T09:18:19.8760560' AS DateTime2), N'4b352b37-332a-40c6-ab05-e38fcf109719', NULL, NULL, 0)
INSERT [dbo].[Actions] ([Id], [Name], [Order], [PageId], [Code], [CreatedDate], [CreatedBy], [ModifiedDate], [ModifiedBy], [DeletedDate], [DeletedBy], [IsDeleted]) VALUES (N'211d3f08-773c-4d73-bbee-4147d223e5e5', N'Delete Product', 4, N'60cf7833-4f34-4440-a7ce-5b8249165839', N'PRO_DELETE_PRODUCT', CAST(N'2022-05-21T07:45:41.5460341' AS DateTime2), N'4b352b37-332a-40c6-ab05-e38fcf109719', CAST(N'2022-05-21T09:14:21.1379637' AS DateTime2), N'4b352b37-332a-40c6-ab05-e38fcf109719', NULL, NULL, 0)
INSERT [dbo].[Actions] ([Id], [Name], [Order], [PageId], [Code], [CreatedDate], [CreatedBy], [ModifiedDate], [ModifiedBy], [DeletedDate], [DeletedBy], [IsDeleted]) VALUES (N'53abe36f-1ec2-43f4-9788-418406778504', N'Manage Inventory', 2, N'74eda712-7c65-4735-a9e3-ac4d09459e4b', N'INVE_MANAGE_INVENTORY', CAST(N'2022-05-21T08:40:18.9005247' AS DateTime2), N'4b352b37-332a-40c6-ab05-e38fcf109719', CAST(N'2022-05-21T09:18:06.9135257' AS DateTime2), N'4b352b37-332a-40c6-ab05-e38fcf109719', NULL, NULL, 0)
INSERT [dbo].[Actions] ([Id], [Name], [Order], [PageId], [Code], [CreatedDate], [CreatedBy], [ModifiedDate], [ModifiedBy], [DeletedDate], [DeletedBy], [IsDeleted]) VALUES (N'bca867fc-4d72-426b-951b-448c25182a4e', N'Delete User', 4, N'9ebb7571-c92d-4e20-bcd8-a5d18b98079a', N'USR_DELETE_USER', CAST(N'2022-05-21T08:45:26.3233677' AS DateTime2), N'4b352b37-332a-40c6-ab05-e38fcf109719', CAST(N'2022-05-21T09:24:24.8335293' AS DateTime2), N'4b352b37-332a-40c6-ab05-e38fcf109719', NULL, NULL, 0)
INSERT [dbo].[Actions] ([Id], [Name], [Order], [PageId], [Code], [CreatedDate], [CreatedBy], [ModifiedDate], [ModifiedBy], [DeletedDate], [DeletedBy], [IsDeleted]) VALUES (N'e0871c29-080c-47fa-b52a-4750fec9f671', N'Update User', 3, N'9ebb7571-c92d-4e20-bcd8-a5d18b98079a', N'USR_UPDATE_USER', CAST(N'2022-05-21T08:45:16.1631549' AS DateTime2), N'4b352b37-332a-40c6-ab05-e38fcf109719', CAST(N'2022-05-21T09:24:21.6100780' AS DateTime2), N'4b352b37-332a-40c6-ab05-e38fcf109719', NULL, NULL, 0)
INSERT [dbo].[Actions] ([Id], [Name], [Order], [PageId], [Code], [CreatedDate], [CreatedBy], [ModifiedDate], [ModifiedBy], [DeletedDate], [DeletedBy], [IsDeleted]) VALUES (N'14b57304-4eb8-48dc-a159-477dbf494dd9', N'View Customer Payment Report', 11, N'fdba3bfd-6670-441a-88f2-05adbde8a661', N'REP_CUST_PAYMENT_REP', CAST(N'2022-06-02T08:30:21.7428588' AS DateTime2), N'4b352b37-332a-40c6-ab05-e38fcf109719', CAST(N'2022-06-02T08:35:55.9182798' AS DateTime2), N'4b352b37-332a-40c6-ab05-e38fcf109719', NULL, NULL, 0)
INSERT [dbo].[Actions] ([Id], [Name], [Order], [PageId], [Code], [CreatedDate], [CreatedBy], [ModifiedDate], [ModifiedBy], [DeletedDate], [DeletedBy], [IsDeleted]) VALUES (N'c15a4651-249a-4680-bd68-49c2dca7a431', N'Add Inquiry', 2, N'bf08ac3b-9b68-48b1-8b38-6ea0ad315c4e', N'INQ_ADD_INQUIRY', CAST(N'2022-05-21T07:47:56.4336794' AS DateTime2), N'4b352b37-332a-40c6-ab05-e38fcf109719', CAST(N'2022-05-21T09:16:12.9129549' AS DateTime2), N'4b352b37-332a-40c6-ab05-e38fcf109719', NULL, NULL, 0)
INSERT [dbo].[Actions] ([Id], [Name], [Order], [PageId], [Code], [CreatedDate], [CreatedBy], [ModifiedDate], [ModifiedBy], [DeletedDate], [DeletedBy], [IsDeleted]) VALUES (N'd09266a8-dbed-4c0a-ad07-4d432de4c6b0', N'View Reminders', 3, N'abb6e964-a3f7-4a9e-b67d-5a63833b92e5', N'DB_REMINDERS', CAST(N'2022-05-21T08:26:26.0835382' AS DateTime2), N'4b352b37-332a-40c6-ab05-e38fcf109719', CAST(N'2022-05-21T09:25:54.6579854' AS DateTime2), N'4b352b37-332a-40c6-ab05-e38fcf109719', NULL, NULL, 0)
INSERT [dbo].[Actions] ([Id], [Name], [Order], [PageId], [Code], [CreatedDate], [CreatedBy], [ModifiedDate], [ModifiedBy], [DeletedDate], [DeletedBy], [IsDeleted]) VALUES (N'40b5068b-cc64-4228-aa89-4dc9f5928135', N'View Users', 1, N'9ebb7571-c92d-4e20-bcd8-a5d18b98079a', N'USR_VIEW_USERS', CAST(N'2022-05-21T08:45:01.0436984' AS DateTime2), N'4b352b37-332a-40c6-ab05-e38fcf109719', CAST(N'2022-05-21T09:24:13.1873117' AS DateTime2), N'4b352b37-332a-40c6-ab05-e38fcf109719', NULL, NULL, 0)
INSERT [dbo].[Actions] ([Id], [Name], [Order], [PageId], [Code], [CreatedDate], [CreatedBy], [ModifiedDate], [ModifiedBy], [DeletedDate], [DeletedBy], [IsDeleted]) VALUES (N'f02385bb-46b7-41c1-9515-567e67699afd', N'View Inquiries', 1, N'bf08ac3b-9b68-48b1-8b38-6ea0ad315c4e', N'INQ_VIEW_INQUIRIES', CAST(N'2022-05-21T07:47:50.8260770' AS DateTime2), N'4b352b37-332a-40c6-ab05-e38fcf109719', CAST(N'2022-05-21T09:16:09.5541886' AS DateTime2), N'4b352b37-332a-40c6-ab05-e38fcf109719', NULL, NULL, 0)
INSERT [dbo].[Actions] ([Id], [Name], [Order], [PageId], [Code], [CreatedDate], [CreatedBy], [ModifiedDate], [ModifiedBy], [DeletedDate], [DeletedBy], [IsDeleted]) VALUES (N'0fd2b76a-4e29-46ed-854c-5b727a7579e0', N'Update Reminder', 3, N'7b542ac0-4c4b-4288-90d7-08d5f1f4f6fd', N'REM_UPDATE_REMINDER', CAST(N'2022-05-21T08:43:35.6337627' AS DateTime2), N'4b352b37-332a-40c6-ab05-e38fcf109719', CAST(N'2022-05-21T09:20:24.3532519' AS DateTime2), N'4b352b37-332a-40c6-ab05-e38fcf109719', NULL, NULL, 0)
INSERT [dbo].[Actions] ([Id], [Name], [Order], [PageId], [Code], [CreatedDate], [CreatedBy], [ModifiedDate], [ModifiedBy], [DeletedDate], [DeletedBy], [IsDeleted]) VALUES (N'b3187d5b-33f0-4905-b534-5d6a66b84a8b', N'View Quotation', 1, N'ef38fe5a-0329-437f-8f99-74b63246ee9d', N'POR_VIEW_PO_REQUESTS', CAST(N'2022-05-21T07:49:05.1225676' AS DateTime2), N'4b352b37-332a-40c6-ab05-e38fcf109719', CAST(N'2022-07-11T06:12:37.8697400' AS DateTime2), N'4b352b37-332a-40c6-ab05-e38fcf109719', NULL, NULL, 0)
INSERT [dbo].[Actions] ([Id], [Name], [Order], [PageId], [Code], [CreatedDate], [CreatedBy], [ModifiedDate], [ModifiedBy], [DeletedDate], [DeletedBy], [IsDeleted]) VALUES (N'97257f0e-e107-4a87-84ed-65106a08bd98', N'View Customers', 1, N'586b3001-82fa-4409-822a-4d1cf9df1384', N'CUST_VIEW_CUSTOMERS', CAST(N'2022-05-21T07:47:18.6182702' AS DateTime2), N'4b352b37-332a-40c6-ab05-e38fcf109719', CAST(N'2022-05-21T09:15:44.9855031' AS DateTime2), N'4b352b37-332a-40c6-ab05-e38fcf109719', NULL, NULL, 0)
INSERT [dbo].[Actions] ([Id], [Name], [Order], [PageId], [Code], [CreatedDate], [CreatedBy], [ModifiedDate], [ModifiedBy], [DeletedDate], [DeletedBy], [IsDeleted]) VALUES (N'd57eb050-4319-4998-b090-662e9ae096fb', N'Delete Sales Order Payment', 9, N'90c6fbaa-173b-4264-a6fd-73fda9af4bd0', N'SO_DELETE_SO_PAYMENT', CAST(N'2022-05-21T08:38:28.5213957' AS DateTime2), N'4b352b37-332a-40c6-ab05-e38fcf109719', CAST(N'2022-05-21T09:17:43.3139254' AS DateTime2), N'4b352b37-332a-40c6-ab05-e38fcf109719', NULL, NULL, 0)
INSERT [dbo].[Actions] ([Id], [Name], [Order], [PageId], [Code], [CreatedDate], [CreatedBy], [ModifiedDate], [ModifiedBy], [DeletedDate], [DeletedBy], [IsDeleted]) VALUES (N'f1a8fb1d-6236-4e87-89c3-6a0a9e69a49b', N'View Purchase Orders Report', 1, N'fdba3bfd-6670-441a-88f2-05adbde8a661', N'REP_PO_REP', CAST(N'2022-05-21T08:42:03.7948166' AS DateTime2), N'4b352b37-332a-40c6-ab05-e38fcf109719', CAST(N'2022-05-21T09:27:27.1399256' AS DateTime2), N'4b352b37-332a-40c6-ab05-e38fcf109719', NULL, NULL, 0)
INSERT [dbo].[Actions] ([Id], [Name], [Order], [PageId], [Code], [CreatedDate], [CreatedBy], [ModifiedDate], [ModifiedBy], [DeletedDate], [DeletedBy], [IsDeleted]) VALUES (N'ffa85bd4-dbe7-4906-ac42-6abec2d2054a', N'View Sales Orders', 1, N'90c6fbaa-173b-4264-a6fd-73fda9af4bd0', N'SO_VIEW_SALES_ORDERS', CAST(N'2022-05-21T08:36:06.2357042' AS DateTime2), N'4b352b37-332a-40c6-ab05-e38fcf109719', CAST(N'2022-05-21T09:16:55.1860126' AS DateTime2), N'4b352b37-332a-40c6-ab05-e38fcf109719', NULL, NULL, 0)
INSERT [dbo].[Actions] ([Id], [Name], [Order], [PageId], [Code], [CreatedDate], [CreatedBy], [ModifiedDate], [ModifiedBy], [DeletedDate], [DeletedBy], [IsDeleted]) VALUES (N'ad6ae222-0053-4fce-81db-70e31f07cd56', N'Update Supplier', 3, N'cd31a4fc-f46f-4a8b-ae1c-4c9e348778d9', N'SUPP_UPDATE_SUPPLIER', CAST(N'2022-05-21T07:46:59.2741205' AS DateTime2), N'4b352b37-332a-40c6-ab05-e38fcf109719', CAST(N'2022-05-21T09:15:26.1225308' AS DateTime2), N'4b352b37-332a-40c6-ab05-e38fcf109719', NULL, NULL, 0)
INSERT [dbo].[Actions] ([Id], [Name], [Order], [PageId], [Code], [CreatedDate], [CreatedBy], [ModifiedDate], [ModifiedBy], [DeletedDate], [DeletedBy], [IsDeleted]) VALUES (N'416452fc-27df-4550-bd3b-7304f8b3b7c4', N'View Stock Report', 9, N'fdba3bfd-6670-441a-88f2-05adbde8a661', N'REP_STOCK_REPORT', CAST(N'2022-06-02T08:28:18.9909201' AS DateTime2), N'4b352b37-332a-40c6-ab05-e38fcf109719', CAST(N'2022-06-02T08:35:46.1260446' AS DateTime2), N'4b352b37-332a-40c6-ab05-e38fcf109719', NULL, NULL, 0)
INSERT [dbo].[Actions] ([Id], [Name], [Order], [PageId], [Code], [CreatedDate], [CreatedBy], [ModifiedDate], [ModifiedBy], [DeletedDate], [DeletedBy], [IsDeleted]) VALUES (N'494d70f6-6dc0-4bd2-a0df-784dd4076db7', N'Manage Unit', 7, N'60cf7833-4f34-4440-a7ce-5b8249165839', N'PRO_MANAGE_UNIT', CAST(N'2022-05-21T08:51:33.3157974' AS DateTime2), N'4b352b37-332a-40c6-ab05-e38fcf109719', CAST(N'2022-05-21T09:14:32.0017410' AS DateTime2), N'4b352b37-332a-40c6-ab05-e38fcf109719', NULL, NULL, 0)
INSERT [dbo].[Actions] ([Id], [Name], [Order], [PageId], [Code], [CreatedDate], [CreatedBy], [ModifiedDate], [ModifiedBy], [DeletedDate], [DeletedBy], [IsDeleted]) VALUES (N'7ed25023-a542-4236-a13f-7bd61a767e4a', N'Assign User Permissions', 7, N'9ebb7571-c92d-4e20-bcd8-a5d18b98079a', N'USR_ASSIGN_USR_PERMISSIONS', CAST(N'2022-05-21T08:46:26.9804151' AS DateTime2), N'4b352b37-332a-40c6-ab05-e38fcf109719', CAST(N'2022-05-21T09:24:49.8673348' AS DateTime2), N'4b352b37-332a-40c6-ab05-e38fcf109719', NULL, NULL, 0)
INSERT [dbo].[Actions] ([Id], [Name], [Order], [PageId], [Code], [CreatedDate], [CreatedBy], [ModifiedDate], [ModifiedBy], [DeletedDate], [DeletedBy], [IsDeleted]) VALUES (N'68ca97f4-4683-4161-b3d1-7f161d4148e3', N'Manage Product Categories', 5, N'60cf7833-4f34-4440-a7ce-5b8249165839', N'PRO_MANAGE_PRO_CAT', CAST(N'2022-05-21T07:46:05.4742682' AS DateTime2), N'4b352b37-332a-40c6-ab05-e38fcf109719', CAST(N'2022-05-21T09:26:31.1863949' AS DateTime2), N'4b352b37-332a-40c6-ab05-e38fcf109719', NULL, NULL, 0)
INSERT [dbo].[Actions] ([Id], [Name], [Order], [PageId], [Code], [CreatedDate], [CreatedBy], [ModifiedDate], [ModifiedBy], [DeletedDate], [DeletedBy], [IsDeleted]) VALUES (N'13d482e4-0745-437a-824b-81a4f586ad28', N'Update Product', 3, N'60cf7833-4f34-4440-a7ce-5b8249165839', N'PRO_UPDATE_PRODUCT', CAST(N'2022-05-21T07:45:35.6673404' AS DateTime2), N'4b352b37-332a-40c6-ab05-e38fcf109719', CAST(N'2022-05-21T09:14:17.6354077' AS DateTime2), N'4b352b37-332a-40c6-ab05-e38fcf109719', NULL, NULL, 0)
INSERT [dbo].[Actions] ([Id], [Name], [Order], [PageId], [Code], [CreatedDate], [CreatedBy], [ModifiedDate], [ModifiedBy], [DeletedDate], [DeletedBy], [IsDeleted]) VALUES (N'7f346d99-cdd1-4903-b1ea-8c68ec856c2d', N'View Recent Purchase Order Expected Delivery', 7, N'abb6e964-a3f7-4a9e-b67d-5a63833b92e5', N'DB_RECENT_PO_DELIVERY', CAST(N'2022-05-21T08:27:09.9963656' AS DateTime2), N'4b352b37-332a-40c6-ab05-e38fcf109719', CAST(N'2022-05-21T09:26:13.0364788' AS DateTime2), N'4b352b37-332a-40c6-ab05-e38fcf109719', NULL, NULL, 0)
INSERT [dbo].[Actions] ([Id], [Name], [Order], [PageId], [Code], [CreatedDate], [CreatedBy], [ModifiedDate], [ModifiedBy], [DeletedDate], [DeletedBy], [IsDeleted]) VALUES (N'4cdb0a09-6357-4d83-9cb2-8c84f449f112', N'View Purchase Orders', 1, N'93551dee-cb76-481f-b30c-23ebfd28aaab', N'PO_VIEW_PURCHASE_ORDERS', CAST(N'2022-05-21T08:32:25.7955164' AS DateTime2), N'4b352b37-332a-40c6-ab05-e38fcf109719', CAST(N'2022-05-21T09:13:07.7537957' AS DateTime2), N'4b352b37-332a-40c6-ab05-e38fcf109719', NULL, NULL, 0)
INSERT [dbo].[Actions] ([Id], [Name], [Order], [PageId], [Code], [CreatedDate], [CreatedBy], [ModifiedDate], [ModifiedBy], [DeletedDate], [DeletedBy], [IsDeleted]) VALUES (N'7aa00d67-13c8-4762-a388-8ffb92c4357a', N'Add Supplier', 2, N'cd31a4fc-f46f-4a8b-ae1c-4c9e348778d9', N'SUPP_ADD_SUPPLIER', CAST(N'2022-05-21T07:46:52.1224096' AS DateTime2), N'4b352b37-332a-40c6-ab05-e38fcf109719', CAST(N'2022-05-21T09:15:22.9307454' AS DateTime2), N'4b352b37-332a-40c6-ab05-e38fcf109719', NULL, NULL, 0)
INSERT [dbo].[Actions] ([Id], [Name], [Order], [PageId], [Code], [CreatedDate], [CreatedBy], [ModifiedDate], [ModifiedBy], [DeletedDate], [DeletedBy], [IsDeleted]) VALUES (N'577a9e80-7c6e-4f25-bdde-903060fbaf18', N'View Login Audits', 1, N'ff211fcb-9cf6-4bee-b4de-d7bdc372c888', N'LOGS_VIEW_LOGIN_AUDITS', CAST(N'2022-05-21T08:48:08.9320010' AS DateTime2), N'4b352b37-332a-40c6-ab05-e38fcf109719', CAST(N'2022-05-21T08:48:08.9320025' AS DateTime2), N'4b352b37-332a-40c6-ab05-e38fcf109719', NULL, NULL, 0)
INSERT [dbo].[Actions] ([Id], [Name], [Order], [PageId], [Code], [CreatedDate], [CreatedBy], [ModifiedDate], [ModifiedBy], [DeletedDate], [DeletedBy], [IsDeleted]) VALUES (N'20bb60f7-30b8-49ef-aca6-913626cf116c', N'View  Quotation Detail', 6, N'ef38fe5a-0329-437f-8f99-74b63246ee9d', N'POR_POR_DETAIL', CAST(N'2022-05-21T11:55:23.1419271' AS DateTime2), N'4b352b37-332a-40c6-ab05-e38fcf109719', CAST(N'2022-07-11T06:13:07.5156347' AS DateTime2), N'4b352b37-332a-40c6-ab05-e38fcf109719', NULL, NULL, 0)
INSERT [dbo].[Actions] ([Id], [Name], [Order], [PageId], [Code], [CreatedDate], [CreatedBy], [ModifiedDate], [ModifiedBy], [DeletedDate], [DeletedBy], [IsDeleted]) VALUES (N'ea9f6c3c-76a9-4b0a-b2d3-9148a43f66b9', N'View Supplier Payment Report', 10, N'fdba3bfd-6670-441a-88f2-05adbde8a661', N'REP_SUP_PAYMENT_REP', CAST(N'2022-06-02T08:29:58.8911046' AS DateTime2), N'4b352b37-332a-40c6-ab05-e38fcf109719', CAST(N'2022-06-02T08:35:50.1811593' AS DateTime2), N'4b352b37-332a-40c6-ab05-e38fcf109719', NULL, NULL, 0)
INSERT [dbo].[Actions] ([Id], [Name], [Order], [PageId], [Code], [CreatedDate], [CreatedBy], [ModifiedDate], [ModifiedBy], [DeletedDate], [DeletedBy], [IsDeleted]) VALUES (N'b6f0a0c1-102d-4b99-a34f-9360903fc916', N'View Purchase Order Payments', 7, N'93551dee-cb76-481f-b30c-23ebfd28aaab', N'PO_VIEW_PO_PAYMENTS', CAST(N'2022-05-21T08:33:57.6600348' AS DateTime2), N'4b352b37-332a-40c6-ab05-e38fcf109719', CAST(N'2022-05-21T09:11:42.2018490' AS DateTime2), N'4b352b37-332a-40c6-ab05-e38fcf109719', NULL, NULL, 0)
INSERT [dbo].[Actions] ([Id], [Name], [Order], [PageId], [Code], [CreatedDate], [CreatedBy], [ModifiedDate], [ModifiedBy], [DeletedDate], [DeletedBy], [IsDeleted]) VALUES (N'4ba8bc10-d750-478b-85c8-99a3e7795532', N'Update Expense', 3, N'534a5916-5096-4f34-bf26-eb9dc2dfa6ce', N'EXP_UPDATE_EXPENSE', CAST(N'2022-05-21T08:41:19.7638931' AS DateTime2), N'4b352b37-332a-40c6-ab05-e38fcf109719', CAST(N'2022-05-21T09:18:23.4323906' AS DateTime2), N'4b352b37-332a-40c6-ab05-e38fcf109719', NULL, NULL, 0)
INSERT [dbo].[Actions] ([Id], [Name], [Order], [PageId], [Code], [CreatedDate], [CreatedBy], [ModifiedDate], [ModifiedBy], [DeletedDate], [DeletedBy], [IsDeleted]) VALUES (N'886345c5-02b2-4b58-892a-9b611534d43a', N'View Sales Vs Purchase Report', 6, N'fdba3bfd-6670-441a-88f2-05adbde8a661', N'REP_SALES_VS_PURCHASE_REP', CAST(N'2022-05-21T08:43:02.4760216' AS DateTime2), N'4b352b37-332a-40c6-ab05-e38fcf109719', CAST(N'2022-05-21T09:27:47.5535261' AS DateTime2), N'4b352b37-332a-40c6-ab05-e38fcf109719', NULL, NULL, 0)
INSERT [dbo].[Actions] ([Id], [Name], [Order], [PageId], [Code], [CreatedDate], [CreatedBy], [ModifiedDate], [ModifiedBy], [DeletedDate], [DeletedBy], [IsDeleted]) VALUES (N'9661ed37-c94d-4311-8343-9f2b07b4fbec', N'Generate Invoice', 10, N'90c6fbaa-173b-4264-a6fd-73fda9af4bd0', N'SO_GENERATE_INVOICE', CAST(N'2022-05-21T08:38:47.1567109' AS DateTime2), N'4b352b37-332a-40c6-ab05-e38fcf109719', CAST(N'2022-05-21T09:17:47.3300956' AS DateTime2), N'4b352b37-332a-40c6-ab05-e38fcf109719', NULL, NULL, 0)
INSERT [dbo].[Actions] ([Id], [Name], [Order], [PageId], [Code], [CreatedDate], [CreatedBy], [ModifiedDate], [ModifiedBy], [DeletedDate], [DeletedBy], [IsDeleted]) VALUES (N'd1a52bd6-9619-42df-9355-a06696ecc8fb', N'Delete Purchase Order', 4, N'93551dee-cb76-481f-b30c-23ebfd28aaab', N'PO_DELETE_PO', CAST(N'2022-05-21T08:32:48.6994328' AS DateTime2), N'4b352b37-332a-40c6-ab05-e38fcf109719', CAST(N'2022-05-21T09:12:18.9943360' AS DateTime2), N'4b352b37-332a-40c6-ab05-e38fcf109719', NULL, NULL, 0)
INSERT [dbo].[Actions] ([Id], [Name], [Order], [PageId], [Code], [CreatedDate], [CreatedBy], [ModifiedDate], [ModifiedBy], [DeletedDate], [DeletedBy], [IsDeleted]) VALUES (N'6b40689a-7273-4800-861e-a1869f2b7f85', N'View Sales Order Payments', 7, N'90c6fbaa-173b-4264-a6fd-73fda9af4bd0', N'SO_VIEW_SO_PAYMENTS', CAST(N'2022-05-21T08:37:36.4038354' AS DateTime2), N'4b352b37-332a-40c6-ab05-e38fcf109719', CAST(N'2022-05-21T09:17:30.8589387' AS DateTime2), N'4b352b37-332a-40c6-ab05-e38fcf109719', NULL, NULL, 0)
INSERT [dbo].[Actions] ([Id], [Name], [Order], [PageId], [Code], [CreatedDate], [CreatedBy], [ModifiedDate], [ModifiedBy], [DeletedDate], [DeletedBy], [IsDeleted]) VALUES (N'356e61f4-bd45-40f4-8347-a33b96f5ba0f', N'POS', 1, N'c4510cea-3b3f-4104-9eee-355788c86218', N'POS_POS', CAST(N'2022-07-11T06:38:15.1981783' AS DateTime2), N'4b352b37-332a-40c6-ab05-e38fcf109719', CAST(N'2022-07-11T06:38:15.1981807' AS DateTime2), N'4b352b37-332a-40c6-ab05-e38fcf109719', NULL, NULL, 0)
INSERT [dbo].[Actions] ([Id], [Name], [Order], [PageId], [Code], [CreatedDate], [CreatedBy], [ModifiedDate], [ModifiedBy], [DeletedDate], [DeletedBy], [IsDeleted]) VALUES (N'de8c09f9-5139-4e89-b984-a3c45ccb8916', N'Update Sales Order', 3, N'90c6fbaa-173b-4264-a6fd-73fda9af4bd0', N'SO_UPDATE_SO', CAST(N'2022-05-21T08:36:17.4119191' AS DateTime2), N'4b352b37-332a-40c6-ab05-e38fcf109719', CAST(N'2022-05-21T09:17:05.5222225' AS DateTime2), N'4b352b37-332a-40c6-ab05-e38fcf109719', NULL, NULL, 0)
INSERT [dbo].[Actions] ([Id], [Name], [Order], [PageId], [Code], [CreatedDate], [CreatedBy], [ModifiedDate], [ModifiedBy], [DeletedDate], [DeletedBy], [IsDeleted]) VALUES (N'd3aad893-5527-426c-baf6-a655f810d64b', N'Manage Country', 2, N'c08d1303-474c-48e9-a5ab-05641e80808f', N'SETT_MANAGE_COUNTRY', CAST(N'2022-05-21T08:49:00.7647125' AS DateTime2), N'4b352b37-332a-40c6-ab05-e38fcf109719', CAST(N'2022-05-21T09:21:06.4906836' AS DateTime2), N'4b352b37-332a-40c6-ab05-e38fcf109719', NULL, NULL, 0)
INSERT [dbo].[Actions] ([Id], [Name], [Order], [PageId], [Code], [CreatedDate], [CreatedBy], [ModifiedDate], [ModifiedBy], [DeletedDate], [DeletedBy], [IsDeleted]) VALUES (N'98c5ff4c-2ab0-4e8c-8adc-a9b87416506f', N'View Sales Order Report', 2, N'fdba3bfd-6670-441a-88f2-05adbde8a661', N'REP_SO_REP', CAST(N'2022-05-21T08:42:12.8995579' AS DateTime2), N'4b352b37-332a-40c6-ab05-e38fcf109719', CAST(N'2022-05-21T09:27:31.0910533' AS DateTime2), N'4b352b37-332a-40c6-ab05-e38fcf109719', NULL, NULL, 0)
INSERT [dbo].[Actions] ([Id], [Name], [Order], [PageId], [Code], [CreatedDate], [CreatedBy], [ModifiedDate], [ModifiedBy], [DeletedDate], [DeletedBy], [IsDeleted]) VALUES (N'810b2232-00dc-4e14-a865-aa092a9c7abb', N'Return Sales Order', 6, N'90c6fbaa-173b-4264-a6fd-73fda9af4bd0', N'SO_RETURN_SO', CAST(N'2022-05-21T08:37:21.1396991' AS DateTime2), N'4b352b37-332a-40c6-ab05-e38fcf109719', CAST(N'2022-05-21T09:17:23.7311373' AS DateTime2), N'4b352b37-332a-40c6-ab05-e38fcf109719', NULL, NULL, 0)
INSERT [dbo].[Actions] ([Id], [Name], [Order], [PageId], [Code], [CreatedDate], [CreatedBy], [ModifiedDate], [ModifiedBy], [DeletedDate], [DeletedBy], [IsDeleted]) VALUES (N'f56facfb-28aa-416e-a283-b02ee1486ec4', N'Delete Expense', 4, N'534a5916-5096-4f34-bf26-eb9dc2dfa6ce', N'EXP_DELETE_EXPENSE', CAST(N'2022-05-21T08:41:25.3877352' AS DateTime2), N'4b352b37-332a-40c6-ab05-e38fcf109719', CAST(N'2022-05-21T09:18:26.7557827' AS DateTime2), N'4b352b37-332a-40c6-ab05-e38fcf109719', NULL, NULL, 0)
INSERT [dbo].[Actions] ([Id], [Name], [Order], [PageId], [Code], [CreatedDate], [CreatedBy], [ModifiedDate], [ModifiedBy], [DeletedDate], [DeletedBy], [IsDeleted]) VALUES (N'93bf3f03-a7c3-42b3-bbc8-b3b600d82ea1', N'View Online Users', 8, N'9ebb7571-c92d-4e20-bcd8-a5d18b98079a', N'USR_ONLINE_USERS', CAST(N'2022-05-21T09:42:25.6865539' AS DateTime2), N'4b352b37-332a-40c6-ab05-e38fcf109719', CAST(N'2022-05-21T09:42:29.9309860' AS DateTime2), N'4b352b37-332a-40c6-ab05-e38fcf109719', NULL, NULL, 0)
INSERT [dbo].[Actions] ([Id], [Name], [Order], [PageId], [Code], [CreatedDate], [CreatedBy], [ModifiedDate], [ModifiedBy], [DeletedDate], [DeletedBy], [IsDeleted]) VALUES (N'74589181-a2e9-4f2b-981f-b4362cc26b4c', N'View Expenses', 1, N'534a5916-5096-4f34-bf26-eb9dc2dfa6ce', N'EXP_VIEW_EXPENSES', CAST(N'2022-05-21T08:41:06.2747931' AS DateTime2), N'4b352b37-332a-40c6-ab05-e38fcf109719', CAST(N'2022-05-21T09:18:16.0742462' AS DateTime2), N'4b352b37-332a-40c6-ab05-e38fcf109719', NULL, NULL, 0)
INSERT [dbo].[Actions] ([Id], [Name], [Order], [PageId], [Code], [CreatedDate], [CreatedBy], [ModifiedDate], [ModifiedBy], [DeletedDate], [DeletedBy], [IsDeleted]) VALUES (N'4d56092d-bc67-497c-935e-b4802e6b0f20', N'Add Customer', 2, N'586b3001-82fa-4409-822a-4d1cf9df1384', N'CUST_ADD_CUSTOMER', CAST(N'2022-05-21T07:47:24.4250649' AS DateTime2), N'4b352b37-332a-40c6-ab05-e38fcf109719', CAST(N'2022-05-21T09:15:48.6983363' AS DateTime2), N'4b352b37-332a-40c6-ab05-e38fcf109719', NULL, NULL, 0)
INSERT [dbo].[Actions] ([Id], [Name], [Order], [PageId], [Code], [CreatedDate], [CreatedBy], [ModifiedDate], [ModifiedBy], [DeletedDate], [DeletedBy], [IsDeleted]) VALUES (N'37cf8471-ae9b-4a91-86d6-b5b469a7f5d3', N'Delete Sales Order', 4, N'90c6fbaa-173b-4264-a6fd-73fda9af4bd0', N'SO_DELETE_SO', CAST(N'2022-05-21T08:36:22.8673690' AS DateTime2), N'4b352b37-332a-40c6-ab05-e38fcf109719', CAST(N'2022-05-21T09:17:11.0827351' AS DateTime2), N'4b352b37-332a-40c6-ab05-e38fcf109719', NULL, NULL, 0)
INSERT [dbo].[Actions] ([Id], [Name], [Order], [PageId], [Code], [CreatedDate], [CreatedBy], [ModifiedDate], [ModifiedBy], [DeletedDate], [DeletedBy], [IsDeleted]) VALUES (N'daea0425-480f-4359-831f-b5ce1cd54525', N'Add Product', 2, N'60cf7833-4f34-4440-a7ce-5b8249165839', N'PRO_ADD_PRODUCT', CAST(N'2022-05-21T07:45:20.4021878' AS DateTime2), N'4b352b37-332a-40c6-ab05-e38fcf109719', CAST(N'2022-05-21T09:14:14.5222271' AS DateTime2), N'4b352b37-332a-40c6-ab05-e38fcf109719', NULL, NULL, 0)
INSERT [dbo].[Actions] ([Id], [Name], [Order], [PageId], [Code], [CreatedDate], [CreatedBy], [ModifiedDate], [ModifiedBy], [DeletedDate], [DeletedBy], [IsDeleted]) VALUES (N'c5a8659f-de5d-41a3-8004-b6bb7dd6bf20', N'Generate Invoice', 10, N'93551dee-cb76-481f-b30c-23ebfd28aaab', N'PO_GENERATE_INVOICE', CAST(N'2022-05-21T08:39:05.4525729' AS DateTime2), N'4b352b37-332a-40c6-ab05-e38fcf109719', CAST(N'2022-05-21T09:12:03.3629793' AS DateTime2), N'4b352b37-332a-40c6-ab05-e38fcf109719', NULL, NULL, 0)
INSERT [dbo].[Actions] ([Id], [Name], [Order], [PageId], [Code], [CreatedDate], [CreatedBy], [ModifiedDate], [ModifiedBy], [DeletedDate], [DeletedBy], [IsDeleted]) VALUES (N'c88d05cb-c961-478f-8b10-c37aaa71bbb3', N'Convert to Purchase Order', 5, N'ef38fe5a-0329-437f-8f99-74b63246ee9d', N'POR_CONVERT_TO_PO', CAST(N'2022-05-21T11:53:18.5841098' AS DateTime2), N'4b352b37-332a-40c6-ab05-e38fcf109719', CAST(N'2022-05-21T11:53:18.5842664' AS DateTime2), N'4b352b37-332a-40c6-ab05-e38fcf109719', NULL, NULL, 0)
INSERT [dbo].[Actions] ([Id], [Name], [Order], [PageId], [Code], [CreatedDate], [CreatedBy], [ModifiedDate], [ModifiedBy], [DeletedDate], [DeletedBy], [IsDeleted]) VALUES (N'161b88ce-6092-4a74-ad0e-c463ca3d068f', N'Manage City', 3, N'c08d1303-474c-48e9-a5ab-05641e80808f', N'SETT_MANAGE_CITY', CAST(N'2022-05-21T08:50:24.1485699' AS DateTime2), N'4b352b37-332a-40c6-ab05-e38fcf109719', CAST(N'2022-05-21T09:21:10.4007774' AS DateTime2), N'4b352b37-332a-40c6-ab05-e38fcf109719', NULL, NULL, 0)
INSERT [dbo].[Actions] ([Id], [Name], [Order], [PageId], [Code], [CreatedDate], [CreatedBy], [ModifiedDate], [ModifiedBy], [DeletedDate], [DeletedBy], [IsDeleted]) VALUES (N'caf6ad9d-dadf-4aed-a022-c53c78ea3266', N'View Sales Order Detail', 5, N'90c6fbaa-173b-4264-a6fd-73fda9af4bd0', N'SO_VIEW_SO_DETAIL', CAST(N'2022-05-21T08:37:02.4689352' AS DateTime2), N'4b352b37-332a-40c6-ab05-e38fcf109719', CAST(N'2022-05-21T09:17:17.9215174' AS DateTime2), N'4b352b37-332a-40c6-ab05-e38fcf109719', NULL, NULL, 0)
INSERT [dbo].[Actions] ([Id], [Name], [Order], [PageId], [Code], [CreatedDate], [CreatedBy], [ModifiedDate], [ModifiedBy], [DeletedDate], [DeletedBy], [IsDeleted]) VALUES (N'd94cb177-4e0e-485e-8df4-c85aa514765a', N'Add Role', 2, N'1f5e57b6-a2c8-4bd7-8baa-311bfa4a32e1', N'ROLES_ADD_ROLE', CAST(N'2022-05-21T08:44:31.2078417' AS DateTime2), N'4b352b37-332a-40c6-ab05-e38fcf109719', CAST(N'2022-05-21T08:44:31.2078428' AS DateTime2), N'4b352b37-332a-40c6-ab05-e38fcf109719', NULL, NULL, 0)
INSERT [dbo].[Actions] ([Id], [Name], [Order], [PageId], [Code], [CreatedDate], [CreatedBy], [ModifiedDate], [ModifiedBy], [DeletedDate], [DeletedBy], [IsDeleted]) VALUES (N'41482205-3126-4589-9967-c9bd147ffaf8', N'Assign User Roles', 6, N'9ebb7571-c92d-4e20-bcd8-a5d18b98079a', N'USR_ASSIGN_USR_ROLES', CAST(N'2022-05-21T08:46:12.6692401' AS DateTime2), N'4b352b37-332a-40c6-ab05-e38fcf109719', CAST(N'2022-05-21T09:28:08.5150271' AS DateTime2), N'4b352b37-332a-40c6-ab05-e38fcf109719', NULL, NULL, 0)
INSERT [dbo].[Actions] ([Id], [Name], [Order], [PageId], [Code], [CreatedDate], [CreatedBy], [ModifiedDate], [ModifiedBy], [DeletedDate], [DeletedBy], [IsDeleted]) VALUES (N'3f215a6f-460f-441a-8256-cbbc089d2289', N'Update Inquiry', 3, N'bf08ac3b-9b68-48b1-8b38-6ea0ad315c4e', N'INQ_UPDATE_INQUIRY', CAST(N'2022-05-21T07:48:04.5059558' AS DateTime2), N'4b352b37-332a-40c6-ab05-e38fcf109719', CAST(N'2022-05-21T09:16:15.9932504' AS DateTime2), N'4b352b37-332a-40c6-ab05-e38fcf109719', NULL, NULL, 0)
INSERT [dbo].[Actions] ([Id], [Name], [Order], [PageId], [Code], [CreatedDate], [CreatedBy], [ModifiedDate], [ModifiedBy], [DeletedDate], [DeletedBy], [IsDeleted]) VALUES (N'f816dd8f-98f7-45e7-be43-ce42123e7444', N'Send Email', 3, N'f08bcb7a-654e-4b18-af73-f2ade469a67c', N'EMAIL_SEND_EMAIL', CAST(N'2022-05-21T08:47:32.6833073' AS DateTime2), N'4b352b37-332a-40c6-ab05-e38fcf109719', CAST(N'2022-05-21T08:47:32.6833082' AS DateTime2), N'4b352b37-332a-40c6-ab05-e38fcf109719', NULL, NULL, 0)
INSERT [dbo].[Actions] ([Id], [Name], [Order], [PageId], [Code], [CreatedDate], [CreatedBy], [ModifiedDate], [ModifiedBy], [DeletedDate], [DeletedBy], [IsDeleted]) VALUES (N'eec71360-9dbc-4909-97e0-d15c1099e2e3', N'View Products', 1, N'60cf7833-4f34-4440-a7ce-5b8249165839', N'PRO_VIEW_PRODUCTS', CAST(N'2022-05-21T07:45:16.2834528' AS DateTime2), N'4b352b37-332a-40c6-ab05-e38fcf109719', CAST(N'2022-05-21T09:14:10.8667370' AS DateTime2), N'4b352b37-332a-40c6-ab05-e38fcf109719', NULL, NULL, 0)
INSERT [dbo].[Actions] ([Id], [Name], [Order], [PageId], [Code], [CreatedDate], [CreatedBy], [ModifiedDate], [ModifiedBy], [DeletedDate], [DeletedBy], [IsDeleted]) VALUES (N'8b7e7d7c-36fe-49d1-b7af-d27427449275', N'View Error Logs', 2, N'ff211fcb-9cf6-4bee-b4de-d7bdc372c888', N'LOGS_VIEW_ERROR_LOGS', CAST(N'2022-05-21T08:48:20.1951357' AS DateTime2), N'4b352b37-332a-40c6-ab05-e38fcf109719', CAST(N'2022-05-21T08:48:20.1951366' AS DateTime2), N'4b352b37-332a-40c6-ab05-e38fcf109719', NULL, NULL, 0)
INSERT [dbo].[Actions] ([Id], [Name], [Order], [PageId], [Code], [CreatedDate], [CreatedBy], [ModifiedDate], [ModifiedBy], [DeletedDate], [DeletedBy], [IsDeleted]) VALUES (N'59ebd3d4-521a-4860-8ae6-d340329ec549', N'View Purchase Order Detail', 5, N'93551dee-cb76-481f-b30c-23ebfd28aaab', N'PO_VIEW_PO_DETAIL', CAST(N'2022-05-21T08:33:20.5724106' AS DateTime2), N'4b352b37-332a-40c6-ab05-e38fcf109719', CAST(N'2022-05-21T09:12:14.3069344' AS DateTime2), N'4b352b37-332a-40c6-ab05-e38fcf109719', NULL, NULL, 0)
INSERT [dbo].[Actions] ([Id], [Name], [Order], [PageId], [Code], [CreatedDate], [CreatedBy], [ModifiedDate], [ModifiedBy], [DeletedDate], [DeletedBy], [IsDeleted]) VALUES (N'9496d17f-2585-42a1-9c84-d4e25452ba7a', N'Delete Role', 4, N'1f5e57b6-a2c8-4bd7-8baa-311bfa4a32e1', N'ROLES_DELETE_ROLE', CAST(N'2022-05-21T08:44:40.8107274' AS DateTime2), N'4b352b37-332a-40c6-ab05-e38fcf109719', CAST(N'2022-05-21T08:44:40.8107294' AS DateTime2), N'4b352b37-332a-40c6-ab05-e38fcf109719', NULL, NULL, 0)
INSERT [dbo].[Actions] ([Id], [Name], [Order], [PageId], [Code], [CreatedDate], [CreatedBy], [ModifiedDate], [ModifiedBy], [DeletedDate], [DeletedBy], [IsDeleted]) VALUES (N'71414bc7-7b13-4a1d-b208-d704c885af92', N'Manage Email SMTP Settins', 0, N'f08bcb7a-654e-4b18-af73-f2ade469a67c', N'EMAIL_MANAGE_EMAIL_SMTP_SETTINS', CAST(N'2022-05-21T08:47:13.5488181' AS DateTime2), N'4b352b37-332a-40c6-ab05-e38fcf109719', CAST(N'2022-05-21T08:47:13.5488194' AS DateTime2), N'4b352b37-332a-40c6-ab05-e38fcf109719', NULL, NULL, 0)
INSERT [dbo].[Actions] ([Id], [Name], [Order], [PageId], [Code], [CreatedDate], [CreatedBy], [ModifiedDate], [ModifiedBy], [DeletedDate], [DeletedBy], [IsDeleted]) VALUES (N'c39d46fe-f6d3-4513-bb7a-da4e3c48f873', N'Update Role', 3, N'1f5e57b6-a2c8-4bd7-8baa-311bfa4a32e1', N'ROLES_UPDATE_ROLE', CAST(N'2022-05-21T08:44:36.2268350' AS DateTime2), N'4b352b37-332a-40c6-ab05-e38fcf109719', CAST(N'2022-05-21T08:44:36.2268361' AS DateTime2), N'4b352b37-332a-40c6-ab05-e38fcf109719', NULL, NULL, 0)
INSERT [dbo].[Actions] ([Id], [Name], [Order], [PageId], [Code], [CreatedDate], [CreatedBy], [ModifiedDate], [ModifiedBy], [DeletedDate], [DeletedBy], [IsDeleted]) VALUES (N'b7312078-6826-4ea4-806c-db0ed5435a8c', N'Update Purchase Order', 3, N'93551dee-cb76-481f-b30c-23ebfd28aaab', N'PO_UPDATE_PO', CAST(N'2022-05-21T08:32:40.8583603' AS DateTime2), N'4b352b37-332a-40c6-ab05-e38fcf109719', CAST(N'2022-05-21T09:12:23.0824931' AS DateTime2), N'4b352b37-332a-40c6-ab05-e38fcf109719', NULL, NULL, 0)
INSERT [dbo].[Actions] ([Id], [Name], [Order], [PageId], [Code], [CreatedDate], [CreatedBy], [ModifiedDate], [ModifiedBy], [DeletedDate], [DeletedBy], [IsDeleted]) VALUES (N'619ae69a-2f1f-4fd5-9929-dc82a3e8d7d9', N'Manage Tax', 6, N'60cf7833-4f34-4440-a7ce-5b8249165839', N'PRO_MANAGE_TAX', CAST(N'2022-05-21T08:51:25.3887634' AS DateTime2), N'4b352b37-332a-40c6-ab05-e38fcf109719', CAST(N'2022-05-21T09:14:28.7060638' AS DateTime2), N'4b352b37-332a-40c6-ab05-e38fcf109719', NULL, NULL, 0)
INSERT [dbo].[Actions] ([Id], [Name], [Order], [PageId], [Code], [CreatedDate], [CreatedBy], [ModifiedDate], [ModifiedBy], [DeletedDate], [DeletedBy], [IsDeleted]) VALUES (N'951dd299-1241-43e1-ad6b-dfd1731518b8', N'View Recent Sales Order Expected Shipment', 6, N'abb6e964-a3f7-4a9e-b67d-5a63833b92e5', N'DB_RECENT_SO_SHIPMENT', CAST(N'2022-05-21T08:27:00.8598016' AS DateTime2), N'4b352b37-332a-40c6-ab05-e38fcf109719', CAST(N'2022-05-21T09:26:05.3383502' AS DateTime2), N'4b352b37-332a-40c6-ab05-e38fcf109719', NULL, NULL, 0)
INSERT [dbo].[Actions] ([Id], [Name], [Order], [PageId], [Code], [CreatedDate], [CreatedBy], [ModifiedDate], [ModifiedBy], [DeletedDate], [DeletedBy], [IsDeleted]) VALUES (N'a4d58c79-91dc-42b9-9b2c-e18eed6dbad9', N'View Product Sales Report', 8, N'fdba3bfd-6670-441a-88f2-05adbde8a661', N'REP_PRO_SO_REPORT', CAST(N'2022-06-02T08:28:01.7762735' AS DateTime2), N'4b352b37-332a-40c6-ab05-e38fcf109719', CAST(N'2022-06-02T08:35:41.4245898' AS DateTime2), N'4b352b37-332a-40c6-ab05-e38fcf109719', NULL, NULL, 0)
INSERT [dbo].[Actions] ([Id], [Name], [Order], [PageId], [Code], [CreatedDate], [CreatedBy], [ModifiedDate], [ModifiedBy], [DeletedDate], [DeletedBy], [IsDeleted]) VALUES (N'8d2053f2-5ebe-4c9b-97e1-e621f0d5e36a', N'Add Purchase Order Payment', 8, N'93551dee-cb76-481f-b30c-23ebfd28aaab', N'PO_ADD_PO_PAYMENT', CAST(N'2022-05-21T08:34:27.5842565' AS DateTime2), N'4b352b37-332a-40c6-ab05-e38fcf109719', CAST(N'2022-05-21T09:11:52.3058235' AS DateTime2), N'4b352b37-332a-40c6-ab05-e38fcf109719', NULL, NULL, 0)
INSERT [dbo].[Actions] ([Id], [Name], [Order], [PageId], [Code], [CreatedDate], [CreatedBy], [ModifiedDate], [ModifiedBy], [DeletedDate], [DeletedBy], [IsDeleted]) VALUES (N'da8c25d3-399b-4c1d-a163-e68f7d3a9d99', N'Manage Brand', 8, N'60cf7833-4f34-4440-a7ce-5b8249165839', N'PRO_MANAGE_BRAND', CAST(N'2022-05-21T08:51:41.8686055' AS DateTime2), N'4b352b37-332a-40c6-ab05-e38fcf109719', CAST(N'2022-05-21T09:14:35.3944706' AS DateTime2), N'4b352b37-332a-40c6-ab05-e38fcf109719', NULL, NULL, 0)
INSERT [dbo].[Actions] ([Id], [Name], [Order], [PageId], [Code], [CreatedDate], [CreatedBy], [ModifiedDate], [ModifiedBy], [DeletedDate], [DeletedBy], [IsDeleted]) VALUES (N'0bca2ee2-d85b-443f-8bdc-e6e7f502be17', N'Update Company Profile', 1, N'c08d1303-474c-48e9-a5ab-05641e80808f', N'SETT_UPDATE_COM_PROFILE', CAST(N'2022-05-21T08:47:49.6165848' AS DateTime2), N'4b352b37-332a-40c6-ab05-e38fcf109719', CAST(N'2022-05-21T09:25:08.8759387' AS DateTime2), N'4b352b37-332a-40c6-ab05-e38fcf109719', NULL, NULL, 0)
INSERT [dbo].[Actions] ([Id], [Name], [Order], [PageId], [Code], [CreatedDate], [CreatedBy], [ModifiedDate], [ModifiedBy], [DeletedDate], [DeletedBy], [IsDeleted]) VALUES (N'0a3203fb-6e52-4585-abbf-e8c8d87fec97', N'View Purchase Payment Report', 3, N'fdba3bfd-6670-441a-88f2-05adbde8a661', N'REP_PO_PAYMENT_REP', CAST(N'2022-05-21T08:42:21.4401678' AS DateTime2), N'4b352b37-332a-40c6-ab05-e38fcf109719', CAST(N'2022-05-21T09:27:35.2018025' AS DateTime2), N'4b352b37-332a-40c6-ab05-e38fcf109719', NULL, NULL, 0)
INSERT [dbo].[Actions] ([Id], [Name], [Order], [PageId], [Code], [CreatedDate], [CreatedBy], [ModifiedDate], [ModifiedBy], [DeletedDate], [DeletedBy], [IsDeleted]) VALUES (N'5e1f698c-2f2b-4bc5-ae0b-eb3e14135708', N'Update Customer', 3, N'586b3001-82fa-4409-822a-4d1cf9df1384', N'CUST_UPDATE_CUSTOMER', CAST(N'2022-05-21T07:47:29.4727462' AS DateTime2), N'4b352b37-332a-40c6-ab05-e38fcf109719', CAST(N'2022-05-21T09:15:53.1623628' AS DateTime2), N'4b352b37-332a-40c6-ab05-e38fcf109719', NULL, NULL, 0)
INSERT [dbo].[Actions] ([Id], [Name], [Order], [PageId], [Code], [CreatedDate], [CreatedBy], [ModifiedDate], [ModifiedBy], [DeletedDate], [DeletedBy], [IsDeleted]) VALUES (N'8c9e01ea-47cd-49af-a746-ebda95d5961a', N'Add Reminder', 2, N'7b542ac0-4c4b-4288-90d7-08d5f1f4f6fd', N'REM_ADD_REMINDER', CAST(N'2022-05-21T08:43:30.2594287' AS DateTime2), N'4b352b37-332a-40c6-ab05-e38fcf109719', CAST(N'2022-05-21T09:20:21.6260937' AS DateTime2), N'4b352b37-332a-40c6-ab05-e38fcf109719', NULL, NULL, 0)
INSERT [dbo].[Actions] ([Id], [Name], [Order], [PageId], [Code], [CreatedDate], [CreatedBy], [ModifiedDate], [ModifiedBy], [DeletedDate], [DeletedBy], [IsDeleted]) VALUES (N'22228f03-3955-409a-9cfc-edeec8096f96', N'View Suppliers', 1, N'cd31a4fc-f46f-4a8b-ae1c-4c9e348778d9', N'SUPP_VIEW_SUPPLIERS', CAST(N'2022-05-21T07:46:39.3546523' AS DateTime2), N'4b352b37-332a-40c6-ab05-e38fcf109719', CAST(N'2022-05-21T09:15:19.3633393' AS DateTime2), N'4b352b37-332a-40c6-ab05-e38fcf109719', NULL, NULL, 0)
INSERT [dbo].[Actions] ([Id], [Name], [Order], [PageId], [Code], [CreatedDate], [CreatedBy], [ModifiedDate], [ModifiedBy], [DeletedDate], [DeletedBy], [IsDeleted]) VALUES (N'e413a2db-d885-4fdd-9398-f40c57cca73f', N'View Roles', 1, N'1f5e57b6-a2c8-4bd7-8baa-311bfa4a32e1', N'ROLES_VIEW_ROLES', CAST(N'2022-05-21T08:44:08.4183867' AS DateTime2), N'4b352b37-332a-40c6-ab05-e38fcf109719', CAST(N'2022-05-21T08:44:08.4183877' AS DateTime2), N'4b352b37-332a-40c6-ab05-e38fcf109719', NULL, NULL, 0)
INSERT [dbo].[Actions] ([Id], [Name], [Order], [PageId], [Code], [CreatedDate], [CreatedBy], [ModifiedDate], [ModifiedBy], [DeletedDate], [DeletedBy], [IsDeleted]) VALUES (N'7be00733-df57-4d59-99bd-f5d04768643d', N'Add Sales Order Payment', 8, N'90c6fbaa-173b-4264-a6fd-73fda9af4bd0', N'SO_ADD_SO_PAYMENT', CAST(N'2022-05-21T08:38:10.3889077' AS DateTime2), N'4b352b37-332a-40c6-ab05-e38fcf109719', CAST(N'2022-05-21T09:17:37.3139791' AS DateTime2), N'4b352b37-332a-40c6-ab05-e38fcf109719', NULL, NULL, 0)
INSERT [dbo].[Actions] ([Id], [Name], [Order], [PageId], [Code], [CreatedDate], [CreatedBy], [ModifiedDate], [ModifiedBy], [DeletedDate], [DeletedBy], [IsDeleted]) VALUES (N'8b5de497-e803-4c7d-88e7-f6025eaf8b70', N'View Expense Report', 4, N'fdba3bfd-6670-441a-88f2-05adbde8a661', N'REP_EXPENSE_REP', CAST(N'2022-05-21T08:42:32.0281132' AS DateTime2), N'4b352b37-332a-40c6-ab05-e38fcf109719', CAST(N'2022-05-21T09:27:39.4512264' AS DateTime2), N'4b352b37-332a-40c6-ab05-e38fcf109719', NULL, NULL, 0)
INSERT [dbo].[Actions] ([Id], [Name], [Order], [PageId], [Code], [CreatedDate], [CreatedBy], [ModifiedDate], [ModifiedBy], [DeletedDate], [DeletedBy], [IsDeleted]) VALUES (N'9ab47732-50f9-45b2-98ce-f79722d1dbc7', N'Delete Customer', 4, N'586b3001-82fa-4409-822a-4d1cf9df1384', N'CUST_DELETE_CUSTOMER', CAST(N'2022-05-21T07:47:34.2652085' AS DateTime2), N'4b352b37-332a-40c6-ab05-e38fcf109719', CAST(N'2022-05-21T09:15:56.8742180' AS DateTime2), N'4b352b37-332a-40c6-ab05-e38fcf109719', NULL, NULL, 0)
INSERT [dbo].[Actions] ([Id], [Name], [Order], [PageId], [Code], [CreatedDate], [CreatedBy], [ModifiedDate], [ModifiedBy], [DeletedDate], [DeletedBy], [IsDeleted]) VALUES (N'2d910a48-2d89-4a63-8725-fba452f9eb8f', N'Delete Inquiry', 4, N'bf08ac3b-9b68-48b1-8b38-6ea0ad315c4e', N'INQ_DELETE_INQUIRY', CAST(N'2022-05-21T07:48:13.4099661' AS DateTime2), N'4b352b37-332a-40c6-ab05-e38fcf109719', CAST(N'2022-05-21T09:16:19.5149675' AS DateTime2), N'4b352b37-332a-40c6-ab05-e38fcf109719', NULL, NULL, 0)
INSERT [dbo].[Actions] ([Id], [Name], [Order], [PageId], [Code], [CreatedDate], [CreatedBy], [ModifiedDate], [ModifiedBy], [DeletedDate], [DeletedBy], [IsDeleted]) VALUES (N'e95e85c7-55e9-453d-8a8a-fd511aea3c93', N'Delete Supplier', 4, N'cd31a4fc-f46f-4a8b-ae1c-4c9e348778d9', N'SUPP_DELETE_SUPPLIER', CAST(N'2022-05-21T07:47:05.1939323' AS DateTime2), N'4b352b37-332a-40c6-ab05-e38fcf109719', CAST(N'2022-05-21T09:15:29.9850219' AS DateTime2), N'4b352b37-332a-40c6-ab05-e38fcf109719', NULL, NULL, 0)
INSERT [dbo].[Actions] ([Id], [Name], [Order], [PageId], [Code], [CreatedDate], [CreatedBy], [ModifiedDate], [ModifiedBy], [DeletedDate], [DeletedBy], [IsDeleted]) VALUES (N'c4f907db-0f28-486a-b81b-feb3fc940a6e', N'View Best Selling Products', 1, N'abb6e964-a3f7-4a9e-b67d-5a63833b92e5', N'DB_BEST_SELLING_PROS', CAST(N'2022-05-21T08:26:15.3641666' AS DateTime2), N'4b352b37-332a-40c6-ab05-e38fcf109719', CAST(N'2022-05-21T09:25:50.2436001' AS DateTime2), N'4b352b37-332a-40c6-ab05-e38fcf109719', NULL, NULL, 0)
INSERT [dbo].[Actions] ([Id], [Name], [Order], [PageId], [Code], [CreatedDate], [CreatedBy], [ModifiedDate], [ModifiedBy], [DeletedDate], [DeletedBy], [IsDeleted]) VALUES (N'21768bc9-6492-4617-9bbc-ffd1802d5260', N'Generate Invoice', 6, N'ef38fe5a-0329-437f-8f99-74b63246ee9d', N'POR_GENERATE_INVOICE', CAST(N'2022-05-21T11:57:09.2150029' AS DateTime2), N'4b352b37-332a-40c6-ab05-e38fcf109719', CAST(N'2022-05-21T11:57:09.2150049' AS DateTime2), N'4b352b37-332a-40c6-ab05-e38fcf109719', NULL, NULL, 0)
INSERT [dbo].[Actions] ([Id], [Name], [Order], [PageId], [Code], [CreatedDate], [CreatedBy], [ModifiedDate], [ModifiedBy], [DeletedDate], [DeletedBy], [IsDeleted]) VALUES (N'813aa4b6-e872-4745-bd83-1754cb68e818', N'View Warehouse Report', 11, N'fdba3bfd-6670-441a-88f2-05adbde8a661', N'REP_VIEW_WAR_REP', CAST(N'2022-10-18T04:38:32.1741975' AS DateTime2), N'4b352b37-332a-40c6-ab05-e38fcf109719', CAST(N'2022-10-18T04:38:32.1743035' AS DateTime2), N'4b352b37-332a-40c6-ab05-e38fcf109719', NULL, NULL, 0)
INSERT [dbo].[Actions] ([Id], [Name], [Order], [PageId], [Code], [CreatedDate], [CreatedBy], [ModifiedDate], [ModifiedBy], [DeletedDate], [DeletedBy], [IsDeleted]) VALUES (N'e31457b6-e434-4305-ad94-fafc64c79b0d', N'View Profit/Loss Report', 12, N'fdba3bfd-6670-441a-88f2-05adbde8a661', N'REP_VIEW_PRO_LOSS_REP', CAST(N'2022-11-05T11:58:52.3660973' AS DateTime2), N'4b352b37-332a-40c6-ab05-e38fcf109719', CAST(N'2022-11-05T11:59:03.8701479' AS DateTime2), N'4b352b37-332a-40c6-ab05-e38fcf109719', NULL, NULL, 0)
INSERT [dbo].[Actions] ([Id], [Name], [Order], [PageId], [Code], [CreatedDate], [CreatedBy], [ModifiedDate], [ModifiedBy], [DeletedDate], [DeletedBy], [IsDeleted]) VALUES (N'c40547c6-885c-4443-b872-adc5b62bcc4e', N'View Tenants', 13, N'84c343ba-111e-47d2-b7f5-7bb21f1a775d', N'TENANTS_VIEW_TENANTS', GETUTCDATE(), N'4b352b37-332a-40c6-ab05-e38fcf109719', GETUTCDATE(), N'4b352b37-332a-40c6-ab05-e38fcf109719', NULL, NULL, 0)
INSERT [dbo].[Actions] ([Id], [Name], [Order], [PageId], [Code], [CreatedDate], [CreatedBy], [ModifiedDate], [ModifiedBy], [DeletedDate], [DeletedBy], [IsDeleted]) VALUES (N'4e37a37b-31b2-4a18-9cff-3980ef6fd36b', N'Add Tenants', 13, N'84c343ba-111e-47d2-b7f5-7bb21f1a775d', N'TENANTS_ADD_TENANTS', GETUTCDATE(), N'4b352b37-332a-40c6-ab05-e38fcf109719', GETUTCDATE(), N'4b352b37-332a-40c6-ab05-e38fcf109719', NULL, NULL, 0)
INSERT [dbo].[Actions] ([Id], [Name], [Order], [PageId], [Code], [CreatedDate], [CreatedBy], [ModifiedDate], [ModifiedBy], [DeletedDate], [DeletedBy], [IsDeleted]) VALUES (N'32e52829-14b9-4675-a91c-20e6f8ccade1', N'Update Tenants', 13, N'84c343ba-111e-47d2-b7f5-7bb21f1a775d', N'TENANTS_UPDATE_TENANTS', GETUTCDATE(), N'4b352b37-332a-40c6-ab05-e38fcf109719', GETUTCDATE(), N'4b352b37-332a-40c6-ab05-e38fcf109719', NULL, NULL, 0)
INSERT [dbo].[Actions] ([Id], [Name], [Order], [PageId], [Code], [CreatedDate], [CreatedBy], [ModifiedDate], [ModifiedBy], [DeletedDate], [DeletedBy], [IsDeleted]) VALUES (N'18c407ab-1dcd-4602-824c-68b62000f495', N'Delete Tenants', 13, N'84c343ba-111e-47d2-b7f5-7bb21f1a775d', N'TENANTS_DELETE_TENANTS', GETUTCDATE(), N'4b352b37-332a-40c6-ab05-e38fcf109719', GETUTCDATE(), N'4b352b37-332a-40c6-ab05-e38fcf109719', NULL, NULL, 0)
INSERT [dbo].[Actions] ([Id], [Name], [Order], [PageId], [Code], [CreatedDate], [CreatedBy], [ModifiedDate], [ModifiedBy], [DeletedDate], [DeletedBy], [IsDeleted]) VALUES (N'ca336a09-1309-4226-ada1-26a34c6f623a', N'Assign user to tenant', 13, N'84c343ba-111e-47d2-b7f5-7bb21f1a775d', N'USR_ASSIGN_USER_TENANT', GETUTCDATE(), N'4b352b37-332a-40c6-ab05-e38fcf109719', GETUTCDATE(), N'4b352b37-332a-40c6-ab05-e38fcf109719', NULL, NULL, 0)

GO
INSERT [dbo].[Roles] ([Id], [IsDeleted], [CreatedDate], [CreatedBy], [ModifiedDate], [ModifiedBy], [DeletedDate], [DeletedBy], [Name], [NormalizedName], [ConcurrencyStamp], [IsSuperRole]) VALUES (N'f8b6ace9-a625-4397-bdf8-f34060dbd8e4', 0, CAST(N'2022-05-21T12:55:58.2030965' AS DateTime2), N'4b352b37-332a-40c6-ab05-e38fcf109719', CAST(N'2022-05-21T12:55:58.3100000' AS DateTime2), N'4b352b37-332a-40c6-ab05-e38fcf109719', NULL, NULL, N'Super Admin', N'Super Admin', N'8671170d-fe29-4492-9378-58afd0a078e4', 1)
INSERT [dbo].[Roles] ([Id], [IsDeleted], [CreatedDate], [CreatedBy], [ModifiedDate], [ModifiedBy], [DeletedDate], [DeletedBy], [Name], [NormalizedName], [ConcurrencyStamp], [IsSuperRole]) VALUES (N'ff635a8f-4bb3-4d70-a3ed-c7749030696c', 0, CAST(N'2022-05-21T12:56:58.8525276' AS DateTime2), N'4b352b37-332a-40c6-ab05-e38fcf109719', CAST(N'2022-05-21T12:56:58.8600000' AS DateTime2), N'4b352b37-332a-40c6-ab05-e38fcf109719', NULL, NULL, N'Employee', N'Employee', N'aef4f8d9-266f-4d14-8afc-6012296ff054', 0)
GO
INSERT [dbo].[RoleClaims] ([ActionId], [RoleId], [ClaimType], [ClaimValue]) VALUES (N'5b102028-ac30-46dc-a5df-3fb6d5db1798', N'f8b6ace9-a625-4397-bdf8-f34060dbd8e4', N'DB_STATISTICS', N'')
INSERT [dbo].[RoleClaims] ([ActionId], [RoleId], [ClaimType], [ClaimValue]) VALUES (N'c4f907db-0f28-486a-b81b-feb3fc940a6e', N'f8b6ace9-a625-4397-bdf8-f34060dbd8e4', N'DB_BEST_SELLING_PROS', N'')
INSERT [dbo].[RoleClaims] ([ActionId], [RoleId], [ClaimType], [ClaimValue]) VALUES (N'd09266a8-dbed-4c0a-ad07-4d432de4c6b0', N'f8b6ace9-a625-4397-bdf8-f34060dbd8e4', N'DB_REMINDERS', N'')
INSERT [dbo].[RoleClaims] ([ActionId], [RoleId], [ClaimType], [ClaimValue]) VALUES (N'6643cd87-5919-45a4-a4c8-13a09ad634ff', N'f8b6ace9-a625-4397-bdf8-f34060dbd8e4', N'DB_LATEST_INQUIRIES', N'')
INSERT [dbo].[RoleClaims] ([ActionId], [RoleId], [ClaimType], [ClaimValue]) VALUES (N'951dd299-1241-43e1-ad6b-dfd1731518b8', N'f8b6ace9-a625-4397-bdf8-f34060dbd8e4', N'DB_RECENT_SO_SHIPMENT', N'')
INSERT [dbo].[RoleClaims] ([ActionId], [RoleId], [ClaimType], [ClaimValue]) VALUES (N'7f346d99-cdd1-4903-b1ea-8c68ec856c2d', N'f8b6ace9-a625-4397-bdf8-f34060dbd8e4', N'DB_RECENT_PO_DELIVERY', N'')
INSERT [dbo].[RoleClaims] ([ActionId], [RoleId], [ClaimType], [ClaimValue]) VALUES (N'eec71360-9dbc-4909-97e0-d15c1099e2e3', N'f8b6ace9-a625-4397-bdf8-f34060dbd8e4', N'PRO_VIEW_PRODUCTS', N'')
INSERT [dbo].[RoleClaims] ([ActionId], [RoleId], [ClaimType], [ClaimValue]) VALUES (N'daea0425-480f-4359-831f-b5ce1cd54525', N'f8b6ace9-a625-4397-bdf8-f34060dbd8e4', N'PRO_ADD_PRODUCT', N'')
INSERT [dbo].[RoleClaims] ([ActionId], [RoleId], [ClaimType], [ClaimValue]) VALUES (N'13d482e4-0745-437a-824b-81a4f586ad28', N'f8b6ace9-a625-4397-bdf8-f34060dbd8e4', N'PRO_UPDATE_PRODUCT', N'')
INSERT [dbo].[RoleClaims] ([ActionId], [RoleId], [ClaimType], [ClaimValue]) VALUES (N'211d3f08-773c-4d73-bbee-4147d223e5e5', N'f8b6ace9-a625-4397-bdf8-f34060dbd8e4', N'PRO_DELETE_PRODUCT', N'')
INSERT [dbo].[RoleClaims] ([ActionId], [RoleId], [ClaimType], [ClaimValue]) VALUES (N'68ca97f4-4683-4161-b3d1-7f161d4148e3', N'f8b6ace9-a625-4397-bdf8-f34060dbd8e4', N'PRO_MANAGE_PRO_CAT', N'')
INSERT [dbo].[RoleClaims] ([ActionId], [RoleId], [ClaimType], [ClaimValue]) VALUES (N'619ae69a-2f1f-4fd5-9929-dc82a3e8d7d9', N'f8b6ace9-a625-4397-bdf8-f34060dbd8e4', N'PRO_MANAGE_TAX', N'')
INSERT [dbo].[RoleClaims] ([ActionId], [RoleId], [ClaimType], [ClaimValue]) VALUES (N'494d70f6-6dc0-4bd2-a0df-784dd4076db7', N'f8b6ace9-a625-4397-bdf8-f34060dbd8e4', N'PRO_MANAGE_UNIT', N'')
INSERT [dbo].[RoleClaims] ([ActionId], [RoleId], [ClaimType], [ClaimValue]) VALUES (N'da8c25d3-399b-4c1d-a163-e68f7d3a9d99', N'f8b6ace9-a625-4397-bdf8-f34060dbd8e4', N'PRO_MANAGE_BRAND', N'')
INSERT [dbo].[RoleClaims] ([ActionId], [RoleId], [ClaimType], [ClaimValue]) VALUES (N'71324dce-e34a-4f09-8b9e-36cca42a459b', N'f8b6ace9-a625-4397-bdf8-f34060dbd8e4', N'PRO_MANAGE_WAREHOUSE', N'')
INSERT [dbo].[RoleClaims] ([ActionId], [RoleId], [ClaimType], [ClaimValue]) VALUES (N'22228f03-3955-409a-9cfc-edeec8096f96', N'f8b6ace9-a625-4397-bdf8-f34060dbd8e4', N'SUPP_VIEW_SUPPLIERS', N'')
INSERT [dbo].[RoleClaims] ([ActionId], [RoleId], [ClaimType], [ClaimValue]) VALUES (N'7aa00d67-13c8-4762-a388-8ffb92c4357a', N'f8b6ace9-a625-4397-bdf8-f34060dbd8e4', N'SUPP_ADD_SUPPLIER', N'')
INSERT [dbo].[RoleClaims] ([ActionId], [RoleId], [ClaimType], [ClaimValue]) VALUES (N'ad6ae222-0053-4fce-81db-70e31f07cd56', N'f8b6ace9-a625-4397-bdf8-f34060dbd8e4', N'SUPP_UPDATE_SUPPLIER', N'')
INSERT [dbo].[RoleClaims] ([ActionId], [RoleId], [ClaimType], [ClaimValue]) VALUES (N'e95e85c7-55e9-453d-8a8a-fd511aea3c93', N'f8b6ace9-a625-4397-bdf8-f34060dbd8e4', N'SUPP_DELETE_SUPPLIER', N'')
INSERT [dbo].[RoleClaims] ([ActionId], [RoleId], [ClaimType], [ClaimValue]) VALUES (N'97257f0e-e107-4a87-84ed-65106a08bd98', N'f8b6ace9-a625-4397-bdf8-f34060dbd8e4', N'CUST_VIEW_CUSTOMERS', N'')
INSERT [dbo].[RoleClaims] ([ActionId], [RoleId], [ClaimType], [ClaimValue]) VALUES (N'4d56092d-bc67-497c-935e-b4802e6b0f20', N'f8b6ace9-a625-4397-bdf8-f34060dbd8e4', N'CUST_ADD_CUSTOMER', N'')
INSERT [dbo].[RoleClaims] ([ActionId], [RoleId], [ClaimType], [ClaimValue]) VALUES (N'5e1f698c-2f2b-4bc5-ae0b-eb3e14135708', N'f8b6ace9-a625-4397-bdf8-f34060dbd8e4', N'CUST_UPDATE_CUSTOMER', N'')
INSERT [dbo].[RoleClaims] ([ActionId], [RoleId], [ClaimType], [ClaimValue]) VALUES (N'9ab47732-50f9-45b2-98ce-f79722d1dbc7', N'f8b6ace9-a625-4397-bdf8-f34060dbd8e4', N'CUST_DELETE_CUSTOMER', N'')
INSERT [dbo].[RoleClaims] ([ActionId], [RoleId], [ClaimType], [ClaimValue]) VALUES (N'f02385bb-46b7-41c1-9515-567e67699afd', N'f8b6ace9-a625-4397-bdf8-f34060dbd8e4', N'INQ_VIEW_INQUIRIES', N'')
INSERT [dbo].[RoleClaims] ([ActionId], [RoleId], [ClaimType], [ClaimValue]) VALUES (N'c15a4651-249a-4680-bd68-49c2dca7a431', N'f8b6ace9-a625-4397-bdf8-f34060dbd8e4', N'INQ_ADD_INQUIRY', N'')
INSERT [dbo].[RoleClaims] ([ActionId], [RoleId], [ClaimType], [ClaimValue]) VALUES (N'3f215a6f-460f-441a-8256-cbbc089d2289', N'f8b6ace9-a625-4397-bdf8-f34060dbd8e4', N'INQ_UPDATE_INQUIRY', N'')
INSERT [dbo].[RoleClaims] ([ActionId], [RoleId], [ClaimType], [ClaimValue]) VALUES (N'2d910a48-2d89-4a63-8725-fba452f9eb8f', N'f8b6ace9-a625-4397-bdf8-f34060dbd8e4', N'INQ_DELETE_INQUIRY', N'')
INSERT [dbo].[RoleClaims] ([ActionId], [RoleId], [ClaimType], [ClaimValue]) VALUES (N'10931818-757b-4c2d-94cb-1d613bb8f8ad', N'f8b6ace9-a625-4397-bdf8-f34060dbd8e4', N'INQ_MANAGE_INQ_STATUS', N'')
INSERT [dbo].[RoleClaims] ([ActionId], [RoleId], [ClaimType], [ClaimValue]) VALUES (N'1ecc483c-56c6-440c-a0fa-117dc95ffea6', N'f8b6ace9-a625-4397-bdf8-f34060dbd8e4', N'INQ_MANAGE_INQ_SOURCE', N'')
INSERT [dbo].[RoleClaims] ([ActionId], [RoleId], [ClaimType], [ClaimValue]) VALUES (N'214c2d6e-d7f4-42a9-9d42-2daaf974a231', N'f8b6ace9-a625-4397-bdf8-f34060dbd8e4', N'INQ_MANAGE_REMINDERS', N'')
INSERT [dbo].[RoleClaims] ([ActionId], [RoleId], [ClaimType], [ClaimValue]) VALUES (N'b3187d5b-33f0-4905-b534-5d6a66b84a8b', N'f8b6ace9-a625-4397-bdf8-f34060dbd8e4', N'POR_VIEW_PO_REQUESTS', N'')
INSERT [dbo].[RoleClaims] ([ActionId], [RoleId], [ClaimType], [ClaimValue]) VALUES (N'43ca17e4-9d56-4ada-b044-3f2eb8a178d7', N'f8b6ace9-a625-4397-bdf8-f34060dbd8e4', N'POR_ADD_PO_REQUEST', N'')
INSERT [dbo].[RoleClaims] ([ActionId], [RoleId], [ClaimType], [ClaimValue]) VALUES (N'4e3480c0-d396-4698-8a41-18896aaa61f1', N'f8b6ace9-a625-4397-bdf8-f34060dbd8e4', N'POR_UPDATE_PO_REQUEST', N'')
INSERT [dbo].[RoleClaims] ([ActionId], [RoleId], [ClaimType], [ClaimValue]) VALUES (N'eb708ad5-5e02-4078-a045-1dec7c478af7', N'f8b6ace9-a625-4397-bdf8-f34060dbd8e4', N'POR_DELETE_PO_REQUEST', N'')
INSERT [dbo].[RoleClaims] ([ActionId], [RoleId], [ClaimType], [ClaimValue]) VALUES (N'c88d05cb-c961-478f-8b10-c37aaa71bbb3', N'f8b6ace9-a625-4397-bdf8-f34060dbd8e4', N'POR_CONVERT_TO_PO', N'')
INSERT [dbo].[RoleClaims] ([ActionId], [RoleId], [ClaimType], [ClaimValue]) VALUES (N'21768bc9-6492-4617-9bbc-ffd1802d5260', N'f8b6ace9-a625-4397-bdf8-f34060dbd8e4', N'POR_GENERATE_INVOICE', N'')
INSERT [dbo].[RoleClaims] ([ActionId], [RoleId], [ClaimType], [ClaimValue]) VALUES (N'20bb60f7-30b8-49ef-aca6-913626cf116c', N'f8b6ace9-a625-4397-bdf8-f34060dbd8e4', N'POR_POR_DETAIL', N'')
INSERT [dbo].[RoleClaims] ([ActionId], [RoleId], [ClaimType], [ClaimValue]) VALUES (N'4cdb0a09-6357-4d83-9cb2-8c84f449f112', N'f8b6ace9-a625-4397-bdf8-f34060dbd8e4', N'PO_VIEW_PURCHASE_ORDERS', N'')
INSERT [dbo].[RoleClaims] ([ActionId], [RoleId], [ClaimType], [ClaimValue]) VALUES (N'dc35bbc6-0bfb-4c17-a837-29c57d778732', N'f8b6ace9-a625-4397-bdf8-f34060dbd8e4', N'PO_ADD_PO', N'')
INSERT [dbo].[RoleClaims] ([ActionId], [RoleId], [ClaimType], [ClaimValue]) VALUES (N'b7312078-6826-4ea4-806c-db0ed5435a8c', N'f8b6ace9-a625-4397-bdf8-f34060dbd8e4', N'PO_UPDATE_PO', N'')
INSERT [dbo].[RoleClaims] ([ActionId], [RoleId], [ClaimType], [ClaimValue]) VALUES (N'd1a52bd6-9619-42df-9355-a06696ecc8fb', N'f8b6ace9-a625-4397-bdf8-f34060dbd8e4', N'PO_DELETE_PO', N'')
INSERT [dbo].[RoleClaims] ([ActionId], [RoleId], [ClaimType], [ClaimValue]) VALUES (N'59ebd3d4-521a-4860-8ae6-d340329ec549', N'f8b6ace9-a625-4397-bdf8-f34060dbd8e4', N'PO_VIEW_PO_DETAIL', N'')
INSERT [dbo].[RoleClaims] ([ActionId], [RoleId], [ClaimType], [ClaimValue]) VALUES (N'95cb2ac5-1df7-4638-9fff-30558296d238', N'f8b6ace9-a625-4397-bdf8-f34060dbd8e4', N'PO_RETURN_PO', N'')
INSERT [dbo].[RoleClaims] ([ActionId], [RoleId], [ClaimType], [ClaimValue]) VALUES (N'b6f0a0c1-102d-4b99-a34f-9360903fc916', N'f8b6ace9-a625-4397-bdf8-f34060dbd8e4', N'PO_VIEW_PO_PAYMENTS', N'')
INSERT [dbo].[RoleClaims] ([ActionId], [RoleId], [ClaimType], [ClaimValue]) VALUES (N'8d2053f2-5ebe-4c9b-97e1-e621f0d5e36a', N'f8b6ace9-a625-4397-bdf8-f34060dbd8e4', N'PO_ADD_PO_PAYMENT', N'')
INSERT [dbo].[RoleClaims] ([ActionId], [RoleId], [ClaimType], [ClaimValue]) VALUES (N'5340a380-a8b1-4e01-ac88-05fc5e714abd', N'f8b6ace9-a625-4397-bdf8-f34060dbd8e4', N'PO_DELETE_PO_PAYMENT', N'')
INSERT [dbo].[RoleClaims] ([ActionId], [RoleId], [ClaimType], [ClaimValue]) VALUES (N'c5a8659f-de5d-41a3-8004-b6bb7dd6bf20', N'f8b6ace9-a625-4397-bdf8-f34060dbd8e4', N'PO_GENERATE_INVOICE', N'')
INSERT [dbo].[RoleClaims] ([ActionId], [RoleId], [ClaimType], [ClaimValue]) VALUES (N'ffa85bd4-dbe7-4906-ac42-6abec2d2054a', N'f8b6ace9-a625-4397-bdf8-f34060dbd8e4', N'SO_VIEW_SALES_ORDERS', N'')
INSERT [dbo].[RoleClaims] ([ActionId], [RoleId], [ClaimType], [ClaimValue]) VALUES (N'8f668703-b676-4d32-8533-2df18adba38e', N'f8b6ace9-a625-4397-bdf8-f34060dbd8e4', N'SO_ADD_SO', N'')
INSERT [dbo].[RoleClaims] ([ActionId], [RoleId], [ClaimType], [ClaimValue]) VALUES (N'de8c09f9-5139-4e89-b984-a3c45ccb8916', N'f8b6ace9-a625-4397-bdf8-f34060dbd8e4', N'SO_UPDATE_SO', N'')
INSERT [dbo].[RoleClaims] ([ActionId], [RoleId], [ClaimType], [ClaimValue]) VALUES (N'37cf8471-ae9b-4a91-86d6-b5b469a7f5d3', N'f8b6ace9-a625-4397-bdf8-f34060dbd8e4', N'SO_DELETE_SO', N'')
INSERT [dbo].[RoleClaims] ([ActionId], [RoleId], [ClaimType], [ClaimValue]) VALUES (N'caf6ad9d-dadf-4aed-a022-c53c78ea3266', N'f8b6ace9-a625-4397-bdf8-f34060dbd8e4', N'SO_VIEW_SO_DETAIL', N'')
INSERT [dbo].[RoleClaims] ([ActionId], [RoleId], [ClaimType], [ClaimValue]) VALUES (N'810b2232-00dc-4e14-a865-aa092a9c7abb', N'f8b6ace9-a625-4397-bdf8-f34060dbd8e4', N'SO_RETURN_SO', N'')
INSERT [dbo].[RoleClaims] ([ActionId], [RoleId], [ClaimType], [ClaimValue]) VALUES (N'6b40689a-7273-4800-861e-a1869f2b7f85', N'f8b6ace9-a625-4397-bdf8-f34060dbd8e4', N'SO_VIEW_SO_PAYMENTS', N'')
INSERT [dbo].[RoleClaims] ([ActionId], [RoleId], [ClaimType], [ClaimValue]) VALUES (N'7be00733-df57-4d59-99bd-f5d04768643d', N'f8b6ace9-a625-4397-bdf8-f34060dbd8e4', N'SO_ADD_SO_PAYMENT', N'')
INSERT [dbo].[RoleClaims] ([ActionId], [RoleId], [ClaimType], [ClaimValue]) VALUES (N'd57eb050-4319-4998-b090-662e9ae096fb', N'f8b6ace9-a625-4397-bdf8-f34060dbd8e4', N'SO_DELETE_SO_PAYMENT', N'')
INSERT [dbo].[RoleClaims] ([ActionId], [RoleId], [ClaimType], [ClaimValue]) VALUES (N'9661ed37-c94d-4311-8343-9f2b07b4fbec', N'f8b6ace9-a625-4397-bdf8-f34060dbd8e4', N'SO_GENERATE_INVOICE', N'')
INSERT [dbo].[RoleClaims] ([ActionId], [RoleId], [ClaimType], [ClaimValue]) VALUES (N'e16e7eb5-cb97-4da2-958a-0c6a6ad904fc', N'f8b6ace9-a625-4397-bdf8-f34060dbd8e4', N'INVE_VIEW_INVENTORIES', N'')
INSERT [dbo].[RoleClaims] ([ActionId], [RoleId], [ClaimType], [ClaimValue]) VALUES (N'53abe36f-1ec2-43f4-9788-418406778504', N'f8b6ace9-a625-4397-bdf8-f34060dbd8e4', N'INVE_MANAGE_INVENTORY', N'')
INSERT [dbo].[RoleClaims] ([ActionId], [RoleId], [ClaimType], [ClaimValue]) VALUES (N'74589181-a2e9-4f2b-981f-b4362cc26b4c', N'f8b6ace9-a625-4397-bdf8-f34060dbd8e4', N'EXP_VIEW_EXPENSES', N'')
INSERT [dbo].[RoleClaims] ([ActionId], [RoleId], [ClaimType], [ClaimValue]) VALUES (N'cc38b6c0-549b-4619-84a3-41296c0cf36c', N'f8b6ace9-a625-4397-bdf8-f34060dbd8e4', N'EXP_ADD_EXPENSE', N'')
INSERT [dbo].[RoleClaims] ([ActionId], [RoleId], [ClaimType], [ClaimValue]) VALUES (N'4ba8bc10-d750-478b-85c8-99a3e7795532', N'f8b6ace9-a625-4397-bdf8-f34060dbd8e4', N'EXP_UPDATE_EXPENSE', N'')
INSERT [dbo].[RoleClaims] ([ActionId], [RoleId], [ClaimType], [ClaimValue]) VALUES (N'f56facfb-28aa-416e-a283-b02ee1486ec4', N'f8b6ace9-a625-4397-bdf8-f34060dbd8e4', N'EXP_DELETE_EXPENSE', N'')
INSERT [dbo].[RoleClaims] ([ActionId], [RoleId], [ClaimType], [ClaimValue]) VALUES (N'af35f348-c08b-48bb-9114-32ec00796b2d', N'f8b6ace9-a625-4397-bdf8-f34060dbd8e4', N'EXP_MANAGE_EXP_CATEGORY', N'')
INSERT [dbo].[RoleClaims] ([ActionId], [RoleId], [ClaimType], [ClaimValue]) VALUES (N'f1a8fb1d-6236-4e87-89c3-6a0a9e69a49b', N'f8b6ace9-a625-4397-bdf8-f34060dbd8e4', N'REP_PO_REP', N'')
INSERT [dbo].[RoleClaims] ([ActionId], [RoleId], [ClaimType], [ClaimValue]) VALUES (N'98c5ff4c-2ab0-4e8c-8adc-a9b87416506f', N'f8b6ace9-a625-4397-bdf8-f34060dbd8e4', N'REP_SO_REP', N'')
INSERT [dbo].[RoleClaims] ([ActionId], [RoleId], [ClaimType], [ClaimValue]) VALUES (N'0a3203fb-6e52-4585-abbf-e8c8d87fec97', N'f8b6ace9-a625-4397-bdf8-f34060dbd8e4', N'REP_PO_PAYMENT_REP', N'')
INSERT [dbo].[RoleClaims] ([ActionId], [RoleId], [ClaimType], [ClaimValue]) VALUES (N'8b5de497-e803-4c7d-88e7-f6025eaf8b70', N'f8b6ace9-a625-4397-bdf8-f34060dbd8e4', N'REP_EXPENSE_REP', N'')
INSERT [dbo].[RoleClaims] ([ActionId], [RoleId], [ClaimType], [ClaimValue]) VALUES (N'84fd7cc0-c5a3-4c8d-bf64-113a94126975', N'f8b6ace9-a625-4397-bdf8-f34060dbd8e4', N'REP_SO_PAYMENT_REP', N'')
INSERT [dbo].[RoleClaims] ([ActionId], [RoleId], [ClaimType], [ClaimValue]) VALUES (N'886345c5-02b2-4b58-892a-9b611534d43a', N'f8b6ace9-a625-4397-bdf8-f34060dbd8e4', N'REP_SALES_VS_PURCHASE_REP', N'')
INSERT [dbo].[RoleClaims] ([ActionId], [RoleId], [ClaimType], [ClaimValue]) VALUES (N'ba8fc8b6-8982-4197-bf2a-05ab0e79e3d1', N'f8b6ace9-a625-4397-bdf8-f34060dbd8e4', N'REM_VIEW_REMINDERS', N'')
INSERT [dbo].[RoleClaims] ([ActionId], [RoleId], [ClaimType], [ClaimValue]) VALUES (N'8c9e01ea-47cd-49af-a746-ebda95d5961a', N'f8b6ace9-a625-4397-bdf8-f34060dbd8e4', N'REM_ADD_REMINDER', N'')
INSERT [dbo].[RoleClaims] ([ActionId], [RoleId], [ClaimType], [ClaimValue]) VALUES (N'0fd2b76a-4e29-46ed-854c-5b727a7579e0', N'f8b6ace9-a625-4397-bdf8-f34060dbd8e4', N'REM_UPDATE_REMINDER', N'')
INSERT [dbo].[RoleClaims] ([ActionId], [RoleId], [ClaimType], [ClaimValue]) VALUES (N'591bdbca-19cc-440a-b2f1-2bc4f960aefc', N'f8b6ace9-a625-4397-bdf8-f34060dbd8e4', N'REM_DELETE_REMINDER', N'')
INSERT [dbo].[RoleClaims] ([ActionId], [RoleId], [ClaimType], [ClaimValue]) VALUES (N'e413a2db-d885-4fdd-9398-f40c57cca73f', N'f8b6ace9-a625-4397-bdf8-f34060dbd8e4', N'ROLES_VIEW_ROLES', N'')
INSERT [dbo].[RoleClaims] ([ActionId], [RoleId], [ClaimType], [ClaimValue]) VALUES (N'd94cb177-4e0e-485e-8df4-c85aa514765a', N'f8b6ace9-a625-4397-bdf8-f34060dbd8e4', N'ROLES_ADD_ROLE', N'')
INSERT [dbo].[RoleClaims] ([ActionId], [RoleId], [ClaimType], [ClaimValue]) VALUES (N'c39d46fe-f6d3-4513-bb7a-da4e3c48f873', N'f8b6ace9-a625-4397-bdf8-f34060dbd8e4', N'ROLES_UPDATE_ROLE', N'')
INSERT [dbo].[RoleClaims] ([ActionId], [RoleId], [ClaimType], [ClaimValue]) VALUES (N'9496d17f-2585-42a1-9c84-d4e25452ba7a', N'f8b6ace9-a625-4397-bdf8-f34060dbd8e4', N'ROLES_DELETE_ROLE', N'')
INSERT [dbo].[RoleClaims] ([ActionId], [RoleId], [ClaimType], [ClaimValue]) VALUES (N'40b5068b-cc64-4228-aa89-4dc9f5928135', N'f8b6ace9-a625-4397-bdf8-f34060dbd8e4', N'USR_VIEW_USERS', N'')
INSERT [dbo].[RoleClaims] ([ActionId], [RoleId], [ClaimType], [ClaimValue]) VALUES (N'5a54e8ea-ce73-468a-8d19-381dfa515e18', N'f8b6ace9-a625-4397-bdf8-f34060dbd8e4', N'USR_ADD_USER', N'')
INSERT [dbo].[RoleClaims] ([ActionId], [RoleId], [ClaimType], [ClaimValue]) VALUES (N'e0871c29-080c-47fa-b52a-4750fec9f671', N'f8b6ace9-a625-4397-bdf8-f34060dbd8e4', N'USR_UPDATE_USER', N'')
INSERT [dbo].[RoleClaims] ([ActionId], [RoleId], [ClaimType], [ClaimValue]) VALUES (N'bca867fc-4d72-426b-951b-448c25182a4e', N'f8b6ace9-a625-4397-bdf8-f34060dbd8e4', N'USR_DELETE_USER', N'')
INSERT [dbo].[RoleClaims] ([ActionId], [RoleId], [ClaimType], [ClaimValue]) VALUES (N'c727325e-832c-4415-b225-3056ec6ebbb0', N'f8b6ace9-a625-4397-bdf8-f34060dbd8e4', N'USR_RESET_PWD', N'')
INSERT [dbo].[RoleClaims] ([ActionId], [RoleId], [ClaimType], [ClaimValue]) VALUES (N'41482205-3126-4589-9967-c9bd147ffaf8', N'f8b6ace9-a625-4397-bdf8-f34060dbd8e4', N'USR_ASSIGN_USR_ROLES', N'')
INSERT [dbo].[RoleClaims] ([ActionId], [RoleId], [ClaimType], [ClaimValue]) VALUES (N'7ed25023-a542-4236-a13f-7bd61a767e4a', N'f8b6ace9-a625-4397-bdf8-f34060dbd8e4', N'USR_ASSIGN_USR_PERMISSIONS', N'')
INSERT [dbo].[RoleClaims] ([ActionId], [RoleId], [ClaimType], [ClaimValue]) VALUES (N'93bf3f03-a7c3-42b3-bbc8-b3b600d82ea1', N'f8b6ace9-a625-4397-bdf8-f34060dbd8e4', N'USR_ONLINE_USERS', N'')
INSERT [dbo].[RoleClaims] ([ActionId], [RoleId], [ClaimType], [ClaimValue]) VALUES (N'71414bc7-7b13-4a1d-b208-d704c885af92', N'f8b6ace9-a625-4397-bdf8-f34060dbd8e4', N'EMAIL_MANAGE_EMAIL_SMTP_SETTINS', N'')
INSERT [dbo].[RoleClaims] ([ActionId], [RoleId], [ClaimType], [ClaimValue]) VALUES (N'd758eecf-a6f8-4f2c-8613-13321e34c18a', N'f8b6ace9-a625-4397-bdf8-f34060dbd8e4', N'EMAIL_MANAGE_EMAIL_TEMPLATES', N'')
INSERT [dbo].[RoleClaims] ([ActionId], [RoleId], [ClaimType], [ClaimValue]) VALUES (N'f816dd8f-98f7-45e7-be43-ce42123e7444', N'f8b6ace9-a625-4397-bdf8-f34060dbd8e4', N'EMAIL_SEND_EMAIL', N'')
INSERT [dbo].[RoleClaims] ([ActionId], [RoleId], [ClaimType], [ClaimValue]) VALUES (N'0bca2ee2-d85b-443f-8bdc-e6e7f502be17', N'f8b6ace9-a625-4397-bdf8-f34060dbd8e4', N'SETT_UPDATE_COM_PROFILE', N'')
INSERT [dbo].[RoleClaims] ([ActionId], [RoleId], [ClaimType], [ClaimValue]) VALUES (N'd3aad893-5527-426c-baf6-a655f810d64b', N'f8b6ace9-a625-4397-bdf8-f34060dbd8e4', N'SETT_MANAGE_COUNTRY', N'')
INSERT [dbo].[RoleClaims] ([ActionId], [RoleId], [ClaimType], [ClaimValue]) VALUES (N'161b88ce-6092-4a74-ad0e-c463ca3d068f', N'f8b6ace9-a625-4397-bdf8-f34060dbd8e4', N'SETT_MANAGE_CITY', N'')
INSERT [dbo].[RoleClaims] ([ActionId], [RoleId], [ClaimType], [ClaimValue]) VALUES (N'577a9e80-7c6e-4f25-bdde-903060fbaf18', N'f8b6ace9-a625-4397-bdf8-f34060dbd8e4', N'LOGS_VIEW_LOGIN_AUDITS', N'')
INSERT [dbo].[RoleClaims] ([ActionId], [RoleId], [ClaimType], [ClaimValue]) VALUES (N'8b7e7d7c-36fe-49d1-b7af-d27427449275', N'f8b6ace9-a625-4397-bdf8-f34060dbd8e4', N'LOGS_VIEW_ERROR_LOGS', N'')
INSERT [dbo].[RoleClaims] ([ActionId], [RoleId], [ClaimType], [ClaimValue]) VALUES (N'5b102028-ac30-46dc-a5df-3fb6d5db1798', N'ff635a8f-4bb3-4d70-a3ed-c7749030696c', N'DB_STATISTICS', N'')
INSERT [dbo].[RoleClaims] ([ActionId], [RoleId], [ClaimType], [ClaimValue]) VALUES (N'c4f907db-0f28-486a-b81b-feb3fc940a6e', N'ff635a8f-4bb3-4d70-a3ed-c7749030696c', N'DB_BEST_SELLING_PROS', N'')
INSERT [dbo].[RoleClaims] ([ActionId], [RoleId], [ClaimType], [ClaimValue]) VALUES (N'd09266a8-dbed-4c0a-ad07-4d432de4c6b0', N'ff635a8f-4bb3-4d70-a3ed-c7749030696c', N'DB_REMINDERS', N'')
INSERT [dbo].[RoleClaims] ([ActionId], [RoleId], [ClaimType], [ClaimValue]) VALUES (N'6643cd87-5919-45a4-a4c8-13a09ad634ff', N'ff635a8f-4bb3-4d70-a3ed-c7749030696c', N'DB_LATEST_INQUIRIES', N'')
INSERT [dbo].[RoleClaims] ([ActionId], [RoleId], [ClaimType], [ClaimValue]) VALUES (N'951dd299-1241-43e1-ad6b-dfd1731518b8', N'ff635a8f-4bb3-4d70-a3ed-c7749030696c', N'DB_RECENT_SO_SHIPMENT', N'')
INSERT [dbo].[RoleClaims] ([ActionId], [RoleId], [ClaimType], [ClaimValue]) VALUES (N'7f346d99-cdd1-4903-b1ea-8c68ec856c2d', N'ff635a8f-4bb3-4d70-a3ed-c7749030696c', N'DB_RECENT_PO_DELIVERY', N'')
INSERT [dbo].[RoleClaims] ([ActionId], [RoleId], [ClaimType], [ClaimValue]) VALUES (N'eec71360-9dbc-4909-97e0-d15c1099e2e3', N'ff635a8f-4bb3-4d70-a3ed-c7749030696c', N'PRO_VIEW_PRODUCTS', N'')
INSERT [dbo].[RoleClaims] ([ActionId], [RoleId], [ClaimType], [ClaimValue]) VALUES (N'22228f03-3955-409a-9cfc-edeec8096f96', N'ff635a8f-4bb3-4d70-a3ed-c7749030696c', N'SUPP_VIEW_SUPPLIERS', N'')
INSERT [dbo].[RoleClaims] ([ActionId], [RoleId], [ClaimType], [ClaimValue]) VALUES (N'97257f0e-e107-4a87-84ed-65106a08bd98', N'ff635a8f-4bb3-4d70-a3ed-c7749030696c', N'CUST_VIEW_CUSTOMERS', N'')
INSERT [dbo].[RoleClaims] ([ActionId], [RoleId], [ClaimType], [ClaimValue]) VALUES (N'f02385bb-46b7-41c1-9515-567e67699afd', N'ff635a8f-4bb3-4d70-a3ed-c7749030696c', N'INQ_VIEW_INQUIRIES', N'')
INSERT [dbo].[RoleClaims] ([ActionId], [RoleId], [ClaimType], [ClaimValue]) VALUES (N'b3187d5b-33f0-4905-b534-5d6a66b84a8b', N'ff635a8f-4bb3-4d70-a3ed-c7749030696c', N'POR_VIEW_PO_REQUESTS', N'')
INSERT [dbo].[RoleClaims] ([ActionId], [RoleId], [ClaimType], [ClaimValue]) VALUES (N'20bb60f7-30b8-49ef-aca6-913626cf116c', N'ff635a8f-4bb3-4d70-a3ed-c7749030696c', N'POR_POR_DETAIL', N'')
INSERT [dbo].[RoleClaims] ([ActionId], [RoleId], [ClaimType], [ClaimValue]) VALUES (N'21768bc9-6492-4617-9bbc-ffd1802d5260', N'ff635a8f-4bb3-4d70-a3ed-c7749030696c', N'POR_GENERATE_INVOICE', N'')
INSERT [dbo].[RoleClaims] ([ActionId], [RoleId], [ClaimType], [ClaimValue]) VALUES (N'4cdb0a09-6357-4d83-9cb2-8c84f449f112', N'ff635a8f-4bb3-4d70-a3ed-c7749030696c', N'PO_VIEW_PURCHASE_ORDERS', N'')
INSERT [dbo].[RoleClaims] ([ActionId], [RoleId], [ClaimType], [ClaimValue]) VALUES (N'59ebd3d4-521a-4860-8ae6-d340329ec549', N'ff635a8f-4bb3-4d70-a3ed-c7749030696c', N'PO_VIEW_PO_DETAIL', N'')
INSERT [dbo].[RoleClaims] ([ActionId], [RoleId], [ClaimType], [ClaimValue]) VALUES (N'ffa85bd4-dbe7-4906-ac42-6abec2d2054a', N'ff635a8f-4bb3-4d70-a3ed-c7749030696c', N'SO_VIEW_SALES_ORDERS', N'')
INSERT [dbo].[RoleClaims] ([ActionId], [RoleId], [ClaimType], [ClaimValue]) VALUES (N'caf6ad9d-dadf-4aed-a022-c53c78ea3266', N'ff635a8f-4bb3-4d70-a3ed-c7749030696c', N'SO_VIEW_SO_DETAIL', N'')
INSERT [dbo].[RoleClaims] ([ActionId], [RoleId], [ClaimType], [ClaimValue]) VALUES (N'9661ed37-c94d-4311-8343-9f2b07b4fbec', N'ff635a8f-4bb3-4d70-a3ed-c7749030696c', N'SO_GENERATE_INVOICE', N'')
INSERT [dbo].[RoleClaims] ([ActionId], [RoleId], [ClaimType], [ClaimValue]) VALUES (N'c5a8659f-de5d-41a3-8004-b6bb7dd6bf20', N'ff635a8f-4bb3-4d70-a3ed-c7749030696c', N'PO_GENERATE_INVOICE', N'')
INSERT [dbo].[RoleClaims] ([ActionId], [RoleId], [ClaimType], [ClaimValue]) VALUES (N'e16e7eb5-cb97-4da2-958a-0c6a6ad904fc', N'ff635a8f-4bb3-4d70-a3ed-c7749030696c', N'INVE_VIEW_INVENTORIES', N'')
INSERT [dbo].[RoleClaims] ([ActionId], [RoleId], [ClaimType], [ClaimValue]) VALUES (N'74589181-a2e9-4f2b-981f-b4362cc26b4c', N'ff635a8f-4bb3-4d70-a3ed-c7749030696c', N'EXP_VIEW_EXPENSES', N'')
INSERT [dbo].[RoleClaims] ([ActionId], [RoleId], [ClaimType], [ClaimValue]) VALUES (N'ba8fc8b6-8982-4197-bf2a-05ab0e79e3d1', N'ff635a8f-4bb3-4d70-a3ed-c7749030696c', N'REM_VIEW_REMINDERS', N'')
INSERT [dbo].[RoleClaims] ([ActionId], [RoleId], [ClaimType], [ClaimValue]) VALUES (N'535845e4-9ad3-43b5-b211-180d93a5b7a4', N'f8b6ace9-a625-4397-bdf8-f34060dbd8e4', N'REP_PRO_PP_REP', N'')
INSERT [dbo].[RoleClaims] ([ActionId], [RoleId], [ClaimType], [ClaimValue]) VALUES (N'14b57304-4eb8-48dc-a159-477dbf494dd9', N'f8b6ace9-a625-4397-bdf8-f34060dbd8e4', N'REP_CUST_PAYMENT_REP', N'')
INSERT [dbo].[RoleClaims] ([ActionId], [RoleId], [ClaimType], [ClaimValue]) VALUES (N'a4d58c79-91dc-42b9-9b2c-e18eed6dbad9', N'f8b6ace9-a625-4397-bdf8-f34060dbd8e4', N'REP_PRO_SO_REPORT', N'')
INSERT [dbo].[RoleClaims] ([ActionId], [RoleId], [ClaimType], [ClaimValue]) VALUES (N'ea9f6c3c-76a9-4b0a-b2d3-9148a43f66b9', N'f8b6ace9-a625-4397-bdf8-f34060dbd8e4', N'REP_SUP_PAYMENT_REP', N'')
INSERT [dbo].[RoleClaims] ([ActionId], [RoleId], [ClaimType], [ClaimValue]) VALUES (N'416452fc-27df-4550-bd3b-7304f8b3b7c4', N'f8b6ace9-a625-4397-bdf8-f34060dbd8e4', N'REP_STOCK_REPORT', N'')
INSERT [dbo].[RoleClaims] ([ActionId], [RoleId], [ClaimType], [ClaimValue]) VALUES (N'356e61f4-bd45-40f4-8347-a33b96f5ba0f', N'f8b6ace9-a625-4397-bdf8-f34060dbd8e4', N'POS_POS', N'')
INSERT [dbo].[RoleClaims] ([ActionId], [RoleId], [ClaimType], [ClaimValue]) VALUES (N'813aa4b6-e872-4745-bd83-1754cb68e818', N'f8b6ace9-a625-4397-bdf8-f34060dbd8e4', N'REP_VIEW_WAR_REP', N'')
INSERT [dbo].[RoleClaims] ([ActionId], [RoleId], [ClaimType], [ClaimValue]) VALUES (N'e31457b6-e434-4305-ad94-fafc64c79b0d', N'f8b6ace9-a625-4397-bdf8-f34060dbd8e4', N'REP_VIEW_PRO_LOSS_REP', N'')
INSERT [dbo].[RoleClaims] ([ActionId], [RoleId], [ClaimType], [ClaimValue]) VALUES (N'c40547c6-885c-4443-b872-adc5b62bcc4e', N'f8b6ace9-a625-4397-bdf8-f34060dbd8e4', N'TENANTS_VIEW_TENANTS', N'')
INSERT [dbo].[RoleClaims] ([ActionId], [RoleId], [ClaimType], [ClaimValue]) VALUES (N'4e37a37b-31b2-4a18-9cff-3980ef6fd36b', N'f8b6ace9-a625-4397-bdf8-f34060dbd8e4', N'TENANTS_ADD_TENANTS', N'')
INSERT [dbo].[RoleClaims] ([ActionId], [RoleId], [ClaimType], [ClaimValue]) VALUES (N'32e52829-14b9-4675-a91c-20e6f8ccade1', N'f8b6ace9-a625-4397-bdf8-f34060dbd8e4', N'TENANTS_UPDATE_TENANTS', N'')
INSERT [dbo].[RoleClaims] ([ActionId], [RoleId], [ClaimType], [ClaimValue]) VALUES (N'18c407ab-1dcd-4602-824c-68b62000f495', N'f8b6ace9-a625-4397-bdf8-f34060dbd8e4', N'TENANTS_DELETE_TENANTS', N'')
INSERT [dbo].[RoleClaims] ([ActionId], [RoleId], [ClaimType], [ClaimValue]) VALUES (N'ca336a09-1309-4226-ada1-26a34c6f623a', N'f8b6ace9-a625-4397-bdf8-f34060dbd8e4', N'USR_ASSIGN_USER_TENANT', N'')
GO
INSERT [dbo].[UserRoles] ([UserId], [RoleId]) VALUES (N'1a5cf5b9-ead8-495c-8719-2d8be776f452', N'ff635a8f-4bb3-4d70-a3ed-c7749030696c')
INSERT [dbo].[UserRoles] ([UserId], [RoleId]) VALUES (N'4b352b37-332a-40c6-ab05-e38fcf109719', N'f8b6ace9-a625-4397-bdf8-f34060dbd8e4')
GO